shift_id,shift_date,shift_name,shift_start_ts,shift_end_ts,,,shift_date,,shift_date,shift_date
SFT20250601AG1,6/1/2025,A,1/6/2025 06:00:00,1/6/2025 14:00,,,1/6/2025,6/1/2024 06:00:00,6/1/1900 00:00,1/6/2025 6:00
SFT20250601BG1,6/1/2025,B,1/6/2025 14:00:00,1/6/2025 22:00,,,1/6/2025,6/1/2025 14:00:00,1/6/2025 00:00,1/6/2025 14:00
SFT20250601CG1,6/1/2025,C,6/1/2025 22:00:00,2/6/2025 6:00,,,1/6/2025,,1/6/2025 00:00,1/6/2025 22:00
SFT20250601AG2,6/1/2025,A,6/1/2025 06:00:00,6/1/2025 14:00,,,1/6/2025,,1/6/2025 00:00,1/6/2025 6:00
SFT20250601BG2,6/1/2025,B,6/1/2025 14:00:00,6/1/2025 22:00,,,1/6/2025,,1/6/2025 00:00,1/6/2025 14:00
SFT20250601CG2,6/1/2025,C,6/1/2025 22:00:00,6/2/2025 6:00,,,1/6/2025,,1/6/2025 00:00,1/6/2025 22:00
SFT20250602AG1,6/2/2025,A,2/6/2025 06:00:00,6/2/2025 14:00,,,2/6/2025,,2/6/2025 00:00,2/6/2025 6:00
SFT20250602BG1,6/2/2025,B,2/6/2025 14:00:00,2/6/2025 22:00,,,2/6/2025,,2/6/2025 00:00,2/6/2025 14:00
SFT20250602CG1,6/2/2025,C,2/6/2025 22:00:00,3/6/2025 6:00,,,2/6/2025,,2/6/2025 00:00,2/6/2025 22:00
SFT20250602AG2,6/2/2025,A,6/2/2025 06:00:00,6/2/2025 14:00,,,2/6/2025,,2/6/2025 00:00,2/6/2025 6:00
SFT20250602BG2,6/2/2025,B,2/6/2025 14:00:00,6/2/2025 22:00,,,2/6/2025,,2/6/2025 00:00,2/6/2025 14:00
SFT20250602CG2,6/2/2025,C,2/6/2025 22:00:00,6/3/2025 6:00,,,2/6/2025,,2/6/2025 00:00,
SFT20250603AG1,6/3/2025,A,3/6/2025 06:00:00,3/6/2025 14:00,,,3/6/2025,,3/6/2025 00:00,
SFT20250603BG1,6/3/2025,B,6/3/2025 14:00:00,6/3/2025 22:00,,,3/6/2025,,3/6/2025 00:00,
SFT20250603CG1,6/3/2025,C,3/6/2025 22:00:00,6/4/2025 6:00,,,3/6/2025,,3/6/2025 00:00,
SFT20250603AG2,6/3/2025,A,3/6/2025 06:00:00,3/6/2025 14:00,,,3/6/2025,,3/6/2025 00:00,
SFT20250603BG2,6/3/2025,B,3/6/2025 14:00:00,6/3/2025 22:00,,,3/6/2025,,3/6/2025 00:00,
SFT20250603CG2,6/3/2025,C,3/6/2025 22:00:00,6/4/2025 6:00,,,3/6/2025,,3/6/2025 00:00,
SFT20250604AG1,6/4/2025,A,4/6/2025 06:00:00,6/4/2025 14:00,,,4/6/2025,,4/6/2025 00:00,
SFT20250604BG1,6/4/2025,B,6/4/2025 14:00:00,6/4/2025 22:00,,,4/6/2025,,4/6/2025 00:00,
SFT20250604CG1,6/4/2025,C,6/4/2025 22:00:00,5/6/2025 6:00,,,4/6/2025,,4/6/2025 00:00,
SFT20250604AG2,6/4/2025,A,4/6/2025 06:00:00,4/6/2025 14:00,,,4/6/2025,,4/6/2025 00:00,
SFT20250604BG2,6/4/2025,B,4/6/2025 14:00:00,4/6/2025 22:00,,,4/6/2025,,4/6/2025 00:00,
SFT20250604CG2,6/4/2025,C,6/4/2025 22:00:00,5/6/2025 6:00,,,4/6/2025,,4/6/2025 00:00,
SFT20250605AG1,6/5/2025,A,6/5/2025 06:00:00,6/5/2025 14:00,,,5/6/2025,,5/6/2025 00:00,
SFT20250605BG1,6/5/2025,B,5/6/2025 14:00:00,5/6/2025 22:00,,,5/6/2025,,5/6/2025 00:00,
SFT20250605CG1,6/5/2025,C,5/6/2025 22:00:00,6/6/2025 6:00,,,5/6/2025,,5/6/2025 00:00,
SFT20250605AG2,6/5/2025,A,5/6/2025 06:00:00,6/5/2025 14:00,,,5/6/2025,,5/6/2025 00:00,
SFT20250605BG2,6/5/2025,B,6/5/2025 14:00:00,6/5/2025 22:00,,,5/6/2025,,5/6/2025 00:00,
SFT20250605CG2,6/5/2025,C,5/6/2025 22:00:00,6/6/2025 6:00,,,5/6/2025,,5/6/2025 00:00,
SFT20250606AG1,6/6/2025,A,6/6/2025 06:00:00,6/6/2025 14:00,,,6/6/2025,,6/6/2025 00:00,
SFT20250606BG1,6/6/2025,B,6/6/2025 14:00:00,6/6/2025 22:00,,,6/6/2025,,6/6/2025 00:00,
SFT20250606CG1,6/6/2025,C,6/6/2025 22:00:00,6/7/2025 6:00,,,6/6/2025,,6/6/2025 00:00,
SFT20250606AG2,6/6/2025,A,6/6/2025 06:00:00,6/6/2025 14:00,,,6/6/2025,,6/6/2025 00:00,
SFT20250606BG2,6/6/2025,B,6/6/2025 14:00:00,6/6/2025 22:00,,,6/6/2025,,6/6/2025 00:00,
SFT20250606CG2,6/6/2025,C,6/6/2025 22:00:00,6/7/2025 6:00,,,6/6/2025,,6/6/2025 00:00,
SFT20250607AG1,6/7/2025,A,7/6/2025 06:00:00,6/7/2025 14:00,,,7/6/2025,,7/6/2025 00:00,
SFT20250607BG1,6/7/2025,B,6/7/2025 14:00:00,6/7/2025 22:00,,,7/6/2025,,7/6/2025 00:00,
SFT20250607CG1,6/7/2025,C,6/7/2025 22:00:00,6/8/2025 6:00,,,7/6/2025,,7/6/2025 00:00,
SFT20250607AG2,6/7/2025,A,6/7/2025 06:00:00,6/7/2025 14:00,,,7/6/2025,,7/6/2025 00:00,
SFT20250607BG2,6/7/2025,B,6/7/2025 14:00:00,6/7/2025 22:00,,,7/6/2025,,7/6/2025 00:00,
SFT20250607CG2,6/7/2025,C,6/7/2025 22:00:00,6/8/2025 6:00,,,7/6/2025,,7/6/2025 00:00,
SFT20250608AG1,6/8/2025,A,8/6/2025 06:00:00,8/6/2025 14:00,,,8/6/2025,,8/6/2025 00:00,
SFT20250608BG1,6/8/2025,B,8/6/2025 14:00:00,8/6/2025 22:00,,,8/6/2025,,8/6/2025 00:00,
SFT20250608CG1,6/8/2025,C,6/8/2025 22:00:00,9/6/2025 6:00,,,8/6/2025,,8/6/2025 00:00,
SFT20250608AG2,6/8/2025,A,6/8/2025 06:00:00,8/6/2025 14:00,,,8/6/2025,,8/6/2025 00:00,
SFT20250608BG2,6/8/2025,B,8/6/2025 14:00:00,6/8/2025 22:00,,,8/6/2025,,8/6/2025 00:00,
SFT20250608CG2,6/8/2025,C,6/8/2025 22:00:00,9/6/2025 6:00,,,8/6/2025,,8/6/2025 00:00,
SFT20250609AG1,6/9/2025,A,9/6/2025 06:00:00,9/6/2025 14:00,,,9/6/2025,,9/6/2025 00:00,
SFT20250609BG1,6/9/2025,B,6/9/2025 14:00:00,6/9/2025 22:00,,,9/6/2025,,9/6/2025 00:00,
SFT20250609CG1,6/9/2025,C,9/6/2025 22:00:00,6/10/2025 6:00,,,9/6/2025,,9/6/2025 00:00,
SFT20250609AG2,6/9/2025,A,6/9/2025 06:00:00,6/9/2025 14:00,,,9/6/2025,,9/6/2025 00:00,
SFT20250609BG2,6/9/2025,B,9/6/2025 14:00:00,9/6/2025 22:00,,,9/6/2025,,9/6/2025 00:00,
SFT20250609CG2,6/9/2025,C,9/6/2025 22:00:00,6/10/2025 6:00,,,9/6/2025,,9/6/2025 00:00,
SFT20250610AG1,6/10/2025,A,10/6/2025 06:00:00,10/6/2025 14:00,,,10/6/2025,,10/6/2025 00:00,
SFT20250610BG1,6/10/2025,B,10/6/2025 14:00:00,10/6/2025 22:00,,,10/6/2025,,10/6/2025 00:00,
SFT20250610CG1,6/10/2025,C,10/6/2025 22:00:00,11/6/2025 6:00,,,10/6/2025,,10/6/2025 00:00,
SFT20250610AG2,6/10/2025,A,10/6/2025 06:00:00,6/10/2025 14:00,,,10/6/2025,,10/6/2025 00:00,
SFT20250610BG2,6/10/2025,B,10/6/2025 14:00:00,6/10/2025 22:00,,,10/6/2025,,10/6/2025 00:00,
SFT20250610CG2,6/10/2025,C,10/6/2025 22:00:00,11/6/2025 6:00,,,10/6/2025,,10/6/2025 00:00,
SFT20250611AG1,6/11/2025,A,6/11/2025 06:00:00,11/6/2025 14:00,,,11/6/2025,,11/6/2025 00:00,
SFT20250611BG1,6/11/2025,B,6/11/2025 14:00:00,6/11/2025 22:00,,,11/6/2025,,11/6/2025 00:00,
SFT20250611CG1,6/11/2025,C,6/11/2025 22:00:00,6/12/2025 6:00,,,11/6/2025,,11/6/2025 00:00,
SFT20250611AG2,6/11/2025,A,11/6/2025 06:00:00,11/6/2025 14:00,,,11/6/2025,,11/6/2025 00:00,
SFT20250611BG2,6/11/2025,B,6/11/2025 14:00:00,11/6/2025 22:00,,,11/6/2025,,11/6/2025 00:00,
SFT20250611CG2,6/11/2025,C,6/11/2025 22:00:00,12/6/2025 6:00,,,11/6/2025,,11/6/2025 00:00,
SFT20250612AG1,6/12/2025,A,12/6/2025 06:00:00,6/12/2025 14:00,,,12/6/2025,,12/6/2025 00:00,
SFT20250612BG1,6/12/2025,B,6/12/2025 14:00:00,12/6/2025 22:00,,,12/6/2025,,12/6/2025 00:00,
SFT20250612CG1,6/12/2025,C,6/12/2025 22:00:00,6/13/2025 6:00,,,12/6/2025,,12/6/2025 00:00,
SFT20250612AG2,6/12/2025,A,6/12/2025 06:00:00,12/6/2025 14:00,,,12/6/2025,,12/6/2025 00:00,
SFT20250612BG2,6/12/2025,B,12/6/2025 14:00:00,6/12/2025 22:00,,,12/6/2025,,12/6/2025 00:00,
SFT20250612CG2,6/12/2025,C,6/12/2025 22:00:00,6/13/2025 6:00,,,12/6/2025,,12/6/2025 00:00,
SFT20250613AG1,6/13/2025,A,13/06/2025 06:00,6/13/2025 14:00,,,13/6/2025,,13/6/2025 00:00,
SFT20250613BG1,6/13/2025,B,13/6/2025 14:00:00,6/13/2025 22:00,,,13/6/2025,,13/6/2025 00:00,
SFT20250613CG1,6/13/2025,C,13/6/2025 22:00:00,6/14/2025 6:00,,,13/6/2025,,13/6/2025 00:00,
SFT20250613AG2,6/13/2025,A,13/6/2025 06:00:00,13/06/2025 14:00,,,13/6/2025,,13/6/2025 00:00,
SFT20250613BG2,6/13/2025,B,13/6/2025 14:00:00,13/06/2025 22:00,,,13/6/2025,,13/6/2025 00:00,
SFT20250613CG2,6/13/2025,C,13/6/2025 22:00:00,6/14/2025 6:00,,,13/6/2025,,13/6/2025 00:00,
SFT20250614AG1,6/14/2025,A,14/06/2025 06:00,6/14/2025 14:00,,,14/6/2025,,14/6/2025 00:00,
SFT20250614BG1,6/14/2025,B,14/6/2025 14:00:00,6/14/2025 22:00,,,14/6/2025,,14/6/2025 00:00,
SFT20250614CG1,6/14/2025,C,14/06/2025 22:00,15/06/2025 06:00,,,14/6/2025,,14/6/2025 00:00,
SFT20250614AG2,6/14/2025,A,14/06/2025 06:00,14/06/2025 14:00,,,14/6/2025,,14/6/2025 00:00,
SFT20250614BG2,6/14/2025,B,14/06/2025 14:00,14/06/2025 22:00,,,14/6/2025,,14/6/2025 00:00,
SFT20250614CG2,6/14/2025,C,14/06/2025 22:00,6/15/2025 6:00,,,14/6/2025,,14/6/2025 00:00,
SFT20250615AG1,6/15/2025,A,15/6/2025 06:00:00,15/06/2025 14:00,,,15/6/2025,,15/6/2025 00:00,
SFT20250615BG1,6/15/2025,B,15/6/2025 14:00:00,6/15/2025 22:00,,,15/6/2025,,15/6/2025 00:00,
SFT20250615CG1,6/15/2025,C,15/6/2025 22:00:00,6/16/2025 6:00,,,15/6/2025,,15/6/2025 00:00,
SFT20250615AG2,6/15/2025,A,15/6/2025 06:00:00,6/15/2025 14:00,,,15/6/2025,,15/6/2025 00:00,
SFT20250615BG2,6/15/2025,B,15/06/2025 14:00,6/15/2025 22:00,,,15/6/2025,,15/6/2025 00:00,
SFT20250615CG2,6/15/2025,C,15/06/2025 22:00,6/16/2025 6:00,,,15/6/2025,,15/6/2025 00:00,
SFT20250616AG1,6/16/2025,A,16/06/2025 06:00,16/06/2025 14:00,,,16/6/2025,,16/6/2025 00:00,
SFT20250616BG1,6/16/2025,B,16/6/2025 14:00:00,6/16/2025 22:00,,,16/6/2025,,16/6/2025 00:00,
SFT20250616CG1,6/16/2025,C,16/06/2025 22:00,6/17/2025 6:00,,,16/6/2025,,16/6/2025 00:00,
SFT20250616AG2,6/16/2025,A,16/06/2025 06:00,16/06/2025 14:00,,,16/6/2025,,16/6/2025 00:00,
SFT20250616BG2,6/16/2025,B,16/06/2025 14:00,16/06/2025 22:00,,,16/6/2025,,16/6/2025 00:00,
SFT20250616CG2,6/16/2025,C,16/06/2025 22:00,6/17/2025 6:00,,,16/6/2025,,16/6/2025 00:00,
SFT20250617AG1,6/17/2025,A,17/06/2025 06:00,6/17/2025 14:00,,,17/6/2025,,17/6/2025 00:00,
SFT20250617BG1,6/17/2025,B,17/6/2025 14:00:00,6/17/2025 22:00,,,17/6/2025,,17/6/2025 00:00,
SFT20250617CG1,6/17/2025,C,17/6/2025 22:00:00,6/18/2025 6:00,,,17/6/2025,,17/6/2025 00:00,
SFT20250617AG2,6/17/2025,A,17/06/2025 06:00,6/17/2025 14:00,,,17/6/2025,,17/6/2025 00:00,
SFT20250617BG2,6/17/2025,B,17/6/2025 14:00:00,17/06/2025 22:00,,,17/6/2025,,17/6/2025 00:00,
SFT20250617CG2,6/17/2025,C,17/6/2025 22:00:00,6/18/2025 6:00,,,17/6/2025,,17/6/2025 00:00,
SFT20250618AG1,6/18/2025,A,18/06/2025 06:00,18/06/2025 14:00,,,18/6/2025,,18/6/2025 00:00,
SFT20250618BG1,6/18/2025,B,18/6/2025 14:00:00,6/18/2025 22:00,,,18/6/2025,,18/6/2025 00:00,
SFT20250618CG1,6/18/2025,C,18/6/2025 22:00:00,6/19/2025 6:00,,,18/6/2025,,18/6/2025 00:00,
SFT20250618AG2,6/18/2025,A,18/6/2025 06:00:00,18/06/2025 14:00,,,18/6/2025,,18/6/2025 00:00,
SFT20250618BG2,6/18/2025,B,18/6/2025 14:00:00,6/18/2025 22:00,,,18/6/2025,,18/6/2025 00:00,
SFT20250618CG2,6/18/2025,C,18/06/2025 22:00,6/19/2025 6:00,,,18/6/2025,,18/6/2025 00:00,
SFT20250619AG1,6/19/2025,A,19/06/2025 06:00,19/06/2025 14:00,,,19/6/2025,,19/6/2025 00:00,
SFT20250619BG1,6/19/2025,B,19/06/2025 14:00,6/19/2025 22:00,,,19/6/2025,,19/6/2025 00:00,
SFT20250619CG1,6/19/2025,C,19/6/2025 22:00:00,20/06/2025 06:00,,,19/6/2025,,19/6/2025 00:00,
SFT20250619AG2,6/19/2025,A,19/6/2025 06:00:00,6/19/2025 14:00,,,19/6/2025,,19/6/2025 00:00,
SFT20250619BG2,6/19/2025,B,19/6/2025 14:00:00,6/19/2025 22:00,,,19/6/2025,,19/6/2025 00:00,
SFT20250619CG2,6/19/2025,C,19/6/2025 22:00:00,6/20/2025 6:00,,,19/6/2025,,19/6/2025 00:00,
SFT20250620AG1,6/20/2025,A,20/6/2025 06:00:00,20/06/2025 14:00,,,20/6/2025,,20/6/2025 00:00,
SFT20250620BG1,6/20/2025,B,20/06/2025 14:00,6/20/2025 22:00,,,20/6/2025,,20/6/2025 00:00,
SFT20250620CG1,6/20/2025,C,20/06/2025 22:00,6/21/2025 6:00,,,20/6/2025,,20/6/2025 00:00,
SFT20250620AG2,6/20/2025,A,20/6/2025 06:00:00,6/20/2025 14:00,,,20/6/2025,,20/6/2025 00:00,
SFT20250620BG2,6/20/2025,B,20/06/2025 14:00,6/20/2025 22:00,,,20/6/2025,,20/6/2025 00:00,
SFT20250620CG2,6/20/2025,C,20/06/2025 22:00,6/21/2025 6:00,,,20/6/2025,,20/6/2025 00:00,
SFT20250621AG1,6/21/2025,A,21/06/2025 06:00,6/21/2025 14:00,,,21/6/2025,,21/6/2025 00:00,
SFT20250621BG1,6/21/2025,B,21/06/2025 14:00,21/06/2025 22:00,,,21/6/2025,,21/6/2025 00:00,
SFT20250621CG1,6/21/2025,C,21/6/2025 22:00:00,22/06/2025 06:00,,,21/6/2025,,21/6/2025 00:00,
SFT20250621AG2,6/21/2025,A,21/06/2025 06:00,6/21/2025 14:00,,,21/6/2025,,21/6/2025 00:00,
SFT20250621BG2,6/21/2025,B,21/06/2025 14:00,6/21/2025 22:00,,,21/6/2025,,21/6/2025 00:00,
SFT20250621CG2,6/21/2025,C,21/6/2025 22:00:00,6/22/2025 6:00,,,21/6/2025,,21/6/2025 00:00,
SFT20250622AG1,6/22/2025,A,22/6/2025 06:00:00,6/22/2025 14:00,,,22/6/2025,,22/6/2025 00:00,
SFT20250622BG1,6/22/2025,B,22/6/2025 14:00:00,22/06/2025 22:00,,,22/6/2025,,22/6/2025 00:00,
SFT20250622CG1,6/22/2025,C,22/6/2025 22:00:00,23/06/2025 06:00,,,22/6/2025,,22/6/2025 00:00,
SFT20250622AG2,6/22/2025,A,22/6/2025 06:00:00,6/22/2025 14:00,,,22/6/2025,,22/6/2025 00:00,
SFT20250622BG2,6/22/2025,B,22/06/2025 14:00,6/22/2025 22:00,,,22/6/2025,,22/6/2025 00:00,
SFT20250622CG2,6/22/2025,C,22/06/2025 22:00,6/23/2025 6:00,,,22/6/2025,,22/6/2025 00:00,
SFT20250623AG1,6/23/2025,A,23/06/2025 06:00,6/23/2025 14:00,,,23/6/2025,,23/6/2025 00:00,
SFT20250623BG1,6/23/2025,B,23/6/2025 14:00:00,6/23/2025 22:00,,,23/6/2025,,23/6/2025 00:00,
SFT20250623CG1,6/23/2025,C,23/6/2025 22:00:00,6/24/2025 6:00,,,23/6/2025,,23/6/2025 00:00,
SFT20250623AG2,6/23/2025,A,23/6/2025 06:00:00,6/23/2025 14:00,,,23/6/2025,,23/6/2025 00:00,
SFT20250623BG2,6/23/2025,B,23/6/2025 14:00:00,6/23/2025 22:00,,,23/6/2025,,23/6/2025 00:00,
SFT20250623CG2,6/23/2025,C,23/06/2025 22:00,6/24/2025 6:00,,,23/6/2025,,23/6/2025 00:00,
SFT20250624AG1,6/24/2025,A,24/06/2025 06:00,24/06/2025 14:00,,,24/6/2025,,24/6/2025 00:00,
SFT20250624BG1,6/24/2025,B,24/06/2025 14:00,6/24/2025 22:00,,,24/6/2025,,24/6/2025 00:00,
SFT20250624CG1,6/24/2025,C,24/6/2025 22:00:00,6/25/2025 6:00,,,24/6/2025,,24/6/2025 00:00,
SFT20250624AG2,6/24/2025,A,24/6/2025 06:00:00,24/06/2025 14:00,,,24/6/2025,,24/6/2025 00:00,
SFT20250624BG2,6/24/2025,B,24/6/2025 14:00:00,6/24/2025 22:00,,,24/6/2025,,24/6/2025 00:00,
SFT20250624CG2,6/24/2025,C,24/06/2025 22:00,6/25/2025 6:00,,,24/6/2025,,24/6/2025 00:00,
SFT20250625AG1,6/25/2025,A,25/06/2025 06:00,6/25/2025 14:00,,,25/6/2025,,25/6/2025 00:00,
SFT20250625BG1,6/25/2025,B,25/06/2025 14:00,25/06/2025 22:00,,,25/6/2025,,25/6/2025 00:00,
SFT20250625CG1,6/25/2025,C,25/6/2025 22:00:00,26/06/2025 06:00,,,25/6/2025,,25/6/2025 00:00,
SFT20250625AG2,6/25/2025,A,25/6/2025 06:00:00,25/06/2025 14:00,,,25/6/2025,,25/6/2025 00:00,
SFT20250625BG2,6/25/2025,B,25/06/2025 14:00,25/06/2025 22:00,,,25/6/2025,,25/6/2025 00:00,
SFT20250625CG2,6/25/2025,C,25/06/2025 22:00,6/26/2025 6:00,,,25/6/2025,,25/6/2025 00:00,
SFT20250626AG1,6/26/2025,A,26/06/2025 06:00,6/26/2025 14:00,,,26/6/2025,,26/6/2025 00:00,
SFT20250626BG1,6/26/2025,B,26/6/2025 14:00:00,26/06/2025 22:00,,,26/6/2025,,26/6/2025 00:00,
SFT20250626CG1,6/26/2025,C,26/06/2025 22:00,27/06/2025 06:00,,,26/6/2025,,26/6/2025 00:00,
SFT20250626AG2,6/26/2025,A,26/06/2025 06:00,26/06/2025 14:00,,,26/6/2025,,26/6/2025 00:00,
SFT20250626BG2,6/26/2025,B,26/6/2025 14:00:00,26/06/2025 22:00,,,26/6/2025,,26/6/2025 00:00,
SFT20250626CG2,6/26/2025,C,26/6/2025 22:00:00,27/06/2025 06:00,,,26/6/2025,,26/6/2025 00:00,
SFT20250627AG1,6/27/2025,A,27/06/2025 06:00,6/27/2025 14:00,,,27/6/2025,,27/6/2025 00:00,
SFT20250627BG1,6/27/2025,B,27/6/2025 14:00:00,6/27/2025 22:00,,,27/6/2025,,27/6/2025 00:00,
SFT20250627CG1,6/27/2025,C,27/06/2025 22:00,6/28/2025 6:00,,,27/6/2025,,27/6/2025 00:00,
SFT20250627AG2,6/27/2025,A,27/6/2025 06:00:00,6/27/2025 14:00,,,27/6/2025,,27/6/2025 00:00,
SFT20250627BG2,6/27/2025,B,27/6/2025 14:00:00,27/06/2025 22:00,,,27/6/2025,,27/6/2025 00:00,
SFT20250627CG2,6/27/2025,C,27/6/2025 22:00:00,6/28/2025 6:00,,,27/6/2025,,27/6/2025 00:00,
SFT20250628AG1,6/28/2025,A,28/06/2025 06:00,6/28/2025 14:00,,,28/6/2025,,28/6/2025 00:00,
SFT20250628BG1,6/28/2025,B,28/6/2025 14:00:00,6/28/2025 22:00,,,28/6/2025,,28/6/2025 00:00,
SFT20250628CG1,6/28/2025,C,28/06/2025 22:00,6/29/2025 6:00,,,28/6/2025,,28/6/2025 00:00,
SFT20250628AG2,6/28/2025,A,28/06/2025 06:00,28/06/2025 14:00,,,28/6/2025,,28/6/2025 00:00,
SFT20250628BG2,6/28/2025,B,28/6/2025 14:00:00,6/28/2025 22:00,,,28/6/2025,,28/6/2025 00:00,
SFT20250628CG2,6/28/2025,C,28/06/2025 22:00,6/29/2025 6:00,,,28/6/2025,,28/6/2025 00:00,
SFT20250629AG1,6/29/2025,A,29/6/2025 06:00:00,29/06/2025 14:00,,,29/6/2025,,29/6/2025 00:00,
SFT20250629BG1,6/29/2025,B,29/06/2025 14:00,29/06/2025 22:00,,,29/6/2025,,29/6/2025 00:00,
SFT20250629CG1,6/29/2025,C,29/06/2025 22:00,6/30/2025 6:00,,,29/6/2025,,29/6/2025 00:00,
SFT20250629AG2,6/29/2025,A,29/6/2025 06:00:00,29/06/2025 14:00,,,29/6/2025,,29/6/2025 00:00,
SFT20250629BG2,6/29/2025,B,29/06/2025 14:00,6/29/2025 22:00,,,29/6/2025,,29/6/2025 00:00,
SFT20250629CG2,6/29/2025,C,29/06/2025 22:00,6/30/2025 6:00,,,29/6/2025,,29/6/2025 00:00,
SFT20250630AG1,6/30/2025,A,30/06/2025 06:00,6/30/2025 14:00,,,30/6/2025,,30/6/2025 00:00,
SFT20250630BG1,6/30/2025,B,30/06/2025 14:00,30/06/2025 22:00,,,30/6/2025,,30/6/2025 00:00,
SFT20250630CG1,6/30/2025,C,30/6/2025 22:00:00,1/7/2025 6:00,,,30/6/2025,,30/6/2025 00:00,
SFT20250630AG2,6/30/2025,A,30/06/2025 06:00,30/06/2025 14:00,,,30/6/2025,,30/6/2025 00:00,
SFT20250630BG2,6/30/2025,B,30/6/2025 14:00:00,6/30/2025 22:00,,,30/6/2025,,30/6/2025 00:00,
SFT20250630CG2,6/30/2025,C,30/06/2025 22:00,1/7/2025 6:00,,,30/6/2025,,30/6/2025 00:00,
SFT20250701AG1,7/1/2025,A,1/7/2025 06:00:00,7/1/2025 14:00,,,1/7/2025,,1/7/2025 00:00,
SFT20250701BG1,7/1/2025,B,1/7/2025 14:00:00,1/7/2025 22:00,,,1/7/2025,,1/7/2025 00:00,
SFT20250701CG1,7/1/2025,C,1/7/2025 22:00:00,2/7/2025 6:00,,,1/7/2025,,1/7/2025 00:00,
SFT20250701AG2,7/1/2025,A,7/1/2025 06:00:00,7/1/2025 14:00,,,1/7/2025,,1/7/2025 00:00,
SFT20250701BG2,7/1/2025,B,1/7/2025 14:00:00,7/1/2025 22:00,,,1/7/2025,,1/7/2025 00:00,
SFT20250701CG2,7/1/2025,C,1/7/2025 22:00:00,7/2/2025 6:00,,,1/7/2025,,1/7/2025 00:00,
SFT20250702AG1,7/2/2025,A,2/7/2025 06:00:00,2/7/2025 14:00,,,2/7/2025,,2/7/2025 00:00,
SFT20250702BG1,7/2/2025,B,2/7/2025 14:00:00,7/2/2025 22:00,,,2/7/2025,,2/7/2025 00:00,
SFT20250702CG1,7/2/2025,C,2/7/2025 22:00:00,7/3/2025 6:00,,,2/7/2025,,2/7/2025 00:00,
SFT20250702AG2,7/2/2025,A,2/7/2025 06:00:00,7/2/2025 14:00,,,2/7/2025,,2/7/2025 00:00,
SFT20250702BG2,7/2/2025,B,7/2/2025 14:00:00,2/7/2025 22:00,,,2/7/2025,,2/7/2025 00:00,
SFT20250702CG2,7/2/2025,C,2/7/2025 22:00:00,7/3/2025 6:00,,,2/7/2025,,2/7/2025 00:00,
SFT20250703AG1,7/3/2025,A,3/7/2025 06:00:00,3/7/2025 14:00,,,3/7/2025,,3/7/2025 00:00,
SFT20250703BG1,7/3/2025,B,7/3/2025 14:00:00,7/3/2025 22:00,,,3/7/2025,,3/7/2025 00:00,
SFT20250703CG1,7/3/2025,C,7/3/2025 22:00:00,7/4/2025 6:00,,,3/7/2025,,3/7/2025 00:00,
SFT20250703AG2,7/3/2025,A,3/7/2025 06:00:00,7/3/2025 14:00,,,3/7/2025,,3/7/2025 00:00,
SFT20250703BG2,7/3/2025,B,3/7/2025 14:00:00,3/7/2025 22:00,,,3/7/2025,,3/7/2025 00:00,
SFT20250703CG2,7/3/2025,C,3/7/2025 22:00:00,7/4/2025 6:00,,,3/7/2025,,3/7/2025 00:00,
SFT20250704AG1,7/4/2025,A,7/4/2025 06:00:00,7/4/2025 14:00,,,4/7/2025,,4/7/2025 00:00,
SFT20250704BG1,7/4/2025,B,7/4/2025 14:00:00,7/4/2025 22:00,,,4/7/2025,,4/7/2025 00:00,
SFT20250704CG1,7/4/2025,C,7/4/2025 22:00:00,7/5/2025 6:00,,,4/7/2025,,4/7/2025 00:00,
SFT20250704AG2,7/4/2025,A,4/7/2025 06:00:00,4/7/2025 14:00,,,4/7/2025,,4/7/2025 00:00,
SFT20250704BG2,7/4/2025,B,4/7/2025 14:00:00,7/4/2025 22:00,,,4/7/2025,,4/7/2025 00:00,
SFT20250704CG2,7/4/2025,C,7/4/2025 22:00:00,7/5/2025 6:00,,,4/7/2025,,4/7/2025 00:00,
SFT20250705AG1,7/5/2025,A,7/5/2025 06:00:00,7/5/2025 14:00,,,5/7/2025,,5/7/2025 00:00,
SFT20250705BG1,7/5/2025,B,5/7/2025 14:00:00,5/7/2025 22:00,,,5/7/2025,,5/7/2025 00:00,
SFT20250705CG1,7/5/2025,C,5/7/2025 22:00:00,7/6/2025 6:00,,,5/7/2025,,5/7/2025 00:00,
SFT20250705AG2,7/5/2025,A,5/7/2025 06:00:00,7/5/2025 14:00,,,5/7/2025,,5/7/2025 00:00,
SFT20250705BG2,7/5/2025,B,7/5/2025 14:00:00,7/5/2025 22:00,,,5/7/2025,,5/7/2025 00:00,
SFT20250705CG2,7/5/2025,C,7/5/2025 22:00:00,6/7/2025 6:00,,,5/7/2025,,5/7/2025 00:00,
SFT20250706AG1,7/6/2025,A,6/7/2025 06:00:00,6/7/2025 14:00,,,6/7/2025,,6/7/2025 00:00,
SFT20250706BG1,7/6/2025,B,7/6/2025 14:00:00,7/6/2025 22:00,,,6/7/2025,,6/7/2025 00:00,
SFT20250706CG1,7/6/2025,C,6/7/2025 22:00:00,7/7/2025 6:00,,,6/7/2025,,6/7/2025 00:00,
SFT20250706AG2,7/6/2025,A,7/6/2025 06:00:00,6/7/2025 14:00,,,6/7/2025,,6/7/2025 00:00,
SFT20250706BG2,7/6/2025,B,7/6/2025 14:00:00,6/7/2025 22:00,,,6/7/2025,,6/7/2025 00:00,
SFT20250706CG2,7/6/2025,C,7/6/2025 22:00:00,7/7/2025 6:00,,,6/7/2025,,6/7/2025 00:00,
SFT20250707AG1,7/7/2025,A,7/7/2025 06:00:00,7/7/2025 14:00,,,7/7/2025,,7/7/2025 00:00,
SFT20250707BG1,7/7/2025,B,7/7/2025 14:00:00,7/7/2025 22:00,,,7/7/2025,,7/7/2025 00:00,
SFT20250707CG1,7/7/2025,C,7/7/2025 22:00:00,8/7/2025 6:00,,,7/7/2025,,7/7/2025 00:00,
SFT20250707AG2,7/7/2025,A,7/7/2025 06:00:00,7/7/2025 14:00,,,7/7/2025,,7/7/2025 00:00,
SFT20250707BG2,7/7/2025,B,7/7/2025 14:00:00,7/7/2025 22:00,,,7/7/2025,,7/7/2025 00:00,
SFT20250707CG2,7/7/2025,C,7/7/2025 22:00:00,8/7/2025 6:00,,,7/7/2025,,7/7/2025 00:00,
SFT20250708AG1,7/8/2025,A,8/7/2025 06:00:00,7/8/2025 14:00,,,8/7/2025,,8/7/2025 00:00,
SFT20250708BG1,7/8/2025,B,7/8/2025 14:00:00,8/7/2025 22:00,,,8/7/2025,,8/7/2025 00:00,
SFT20250708CG1,7/8/2025,C,7/8/2025 22:00:00,9/7/2025 6:00,,,8/7/2025,,8/7/2025 00:00,
SFT20250708AG2,7/8/2025,A,7/8/2025 06:00:00,8/7/2025 14:00,,,8/7/2025,,8/7/2025 00:00,
SFT20250708BG2,7/8/2025,B,8/7/2025 14:00:00,8/7/2025 22:00,,,8/7/2025,,8/7/2025 00:00,
SFT20250708CG2,7/8/2025,C,8/7/2025 22:00:00,7/9/2025 6:00,,,8/7/2025,,8/7/2025 00:00,
SFT20250709AG1,7/9/2025,A,9/7/2025 06:00:00,9/7/2025 14:00,,,9/7/2025,,9/7/2025 00:00,
SFT20250709BG1,7/9/2025,B,9/7/2025 14:00:00,7/9/2025 22:00,,,9/7/2025,,9/7/2025 00:00,
SFT20250709CG1,7/9/2025,C,9/7/2025 22:00:00,7/10/2025 6:00,,,9/7/2025,,9/7/2025 00:00,
SFT20250709AG2,7/9/2025,A,7/9/2025 06:00:00,9/7/2025 14:00,,,9/7/2025,,9/7/2025 00:00,
SFT20250709BG2,7/9/2025,B,9/7/2025 14:00:00,7/9/2025 22:00,,,9/7/2025,,9/7/2025 00:00,
SFT20250709CG2,7/9/2025,C,7/9/2025 22:00:00,10/7/2025 6:00,,,9/7/2025,,9/7/2025 00:00,
SFT20250710AG1,7/10/2025,A,10/7/2025 06:00:00,7/10/2025 14:00,,,10/7/2025,,10/7/2025 00:00,
SFT20250710BG1,7/10/2025,B,7/10/2025 14:00:00,7/10/2025 22:00,,,10/7/2025,,10/7/2025 00:00,
SFT20250710CG1,7/10/2025,C,7/10/2025 22:00:00,11/7/2025 6:00,,,10/7/2025,,10/7/2025 00:00,
SFT20250710AG2,7/10/2025,A,10/7/2025 06:00:00,10/7/2025 14:00,,,10/7/2025,,10/7/2025 00:00,
SFT20250710BG2,7/10/2025,B,10/7/2025 14:00:00,7/10/2025 22:00,,,10/7/2025,,10/7/2025 00:00,
SFT20250710CG2,7/10/2025,C,7/10/2025 22:00:00,11/7/2025 6:00,,,10/7/2025,,10/7/2025 00:00,
SFT20250711AG1,7/11/2025,A,7/11/2025 06:00:00,7/11/2025 14:00,,,11/7/2025,,11/7/2025 00:00,
SFT20250711BG1,7/11/2025,B,7/11/2025 14:00:00,11/7/2025 22:00,,,11/7/2025,,11/7/2025 00:00,
SFT20250711CG1,7/11/2025,C,11/7/2025 22:00:00,7/12/2025 6:00,,,11/7/2025,,11/7/2025 00:00,
SFT20250711AG2,7/11/2025,A,11/7/2025 06:00:00,7/11/2025 14:00,,,11/7/2025,,11/7/2025 00:00,
SFT20250711BG2,7/11/2025,B,11/7/2025 14:00:00,11/7/2025 22:00,,,11/7/2025,,11/7/2025 00:00,
SFT20250711CG2,7/11/2025,C,11/7/2025 22:00:00,7/12/2025 6:00,,,11/7/2025,,11/7/2025 00:00,
SFT20250712AG1,7/12/2025,A,12/7/2025 06:00:00,12/7/2025 14:00,,,12/7/2025,,12/7/2025 00:00,
SFT20250712BG1,7/12/2025,B,7/12/2025 14:00:00,7/12/2025 22:00,,,12/7/2025,,12/7/2025 00:00,
SFT20250712CG1,7/12/2025,C,7/12/2025 22:00:00,13/07/2025 06:00,,,12/7/2025,,12/7/2025 00:00,
SFT20250712AG2,7/12/2025,A,12/7/2025 06:00:00,7/12/2025 14:00,,,12/7/2025,,12/7/2025 00:00,
SFT20250712BG2,7/12/2025,B,7/12/2025 14:00:00,7/12/2025 22:00,,,12/7/2025,,12/7/2025 00:00,
SFT20250712CG2,7/12/2025,C,12/7/2025 22:00:00,13/07/2025 06:00,,,12/7/2025,,12/7/2025 00:00,
SFT20250713AG1,7/13/2025,A,13/07/2025 06:00,7/13/2025 14:00,,,13/7/2025,,13/7/2025 00:00,
SFT20250713BG1,7/13/2025,B,13/7/2025 14:00:00,7/13/2025 22:00,,,13/7/2025,,13/7/2025 00:00,
SFT20250713CG1,7/13/2025,C,13/7/2025 22:00:00,14/07/2025 06:00,,,13/7/2025,,13/7/2025 00:00,
SFT20250713AG2,7/13/2025,A,13/7/2025 06:00:00,7/13/2025 14:00,,,13/7/2025,,13/7/2025 00:00,
SFT20250713BG2,7/13/2025,B,13/07/2025 14:00,7/13/2025 22:00,,,13/7/2025,,13/7/2025 00:00,
SFT20250713CG2,7/13/2025,C,13/7/2025 22:00:00,7/14/2025 6:00,,,13/7/2025,,13/7/2025 00:00,
SFT20250714AG1,7/14/2025,A,14/7/2025 06:00:00,7/14/2025 14:00,,,14/7/2025,,14/7/2025 00:00,
SFT20250714BG1,7/14/2025,B,14/7/2025 14:00:00,14/07/2025 22:00,,,14/7/2025,,14/7/2025 00:00,
SFT20250714CG1,7/14/2025,C,14/07/2025 22:00,15/07/2025 06:00,,,14/7/2025,,14/7/2025 00:00,
SFT20250714AG2,7/14/2025,A,14/7/2025 06:00:00,7/14/2025 14:00,,,14/7/2025,,14/7/2025 00:00,
SFT20250714BG2,7/14/2025,B,14/7/2025 14:00:00,7/14/2025 22:00,,,14/7/2025,,14/7/2025 00:00,
SFT20250714CG2,7/14/2025,C,14/07/2025 22:00,15/07/2025 06:00,,,14/7/2025,,14/7/2025 00:00,
SFT20250715AG1,7/15/2025,A,15/07/2025 06:00,7/15/2025 14:00,,,15/7/2025,,15/7/2025 00:00,
SFT20250715BG1,7/15/2025,B,15/07/2025 14:00,15/07/2025 22:00,,,15/7/2025,,15/7/2025 00:00,
SFT20250715CG1,7/15/2025,C,15/7/2025 22:00:00,7/16/2025 6:00,,,15/7/2025,,15/7/2025 00:00,
SFT20250715AG2,7/15/2025,A,15/7/2025 06:00:00,15/07/2025 14:00,,,15/7/2025,,15/7/2025 00:00,
SFT20250715BG2,7/15/2025,B,15/07/2025 14:00,7/15/2025 22:00,,,15/7/2025,,15/7/2025 00:00,
SFT20250715CG2,7/15/2025,C,15/7/2025 22:00:00,16/07/2025 06:00,,,15/7/2025,,15/7/2025 00:00,
SFT20250716AG1,7/16/2025,A,16/7/2025 06:00:00,16/07/2025 14:00,,,16/7/2025,,16/7/2025 00:00,
SFT20250716BG1,7/16/2025,B,16/7/2025 14:00:00,16/07/2025 22:00,,,16/7/2025,,16/7/2025 00:00,
SFT20250716CG1,7/16/2025,C,16/7/2025 22:00:00,7/17/2025 6:00,,,16/7/2025,,16/7/2025 00:00,
SFT20250716AG2,7/16/2025,A,16/07/2025 06:00,16/07/2025 14:00,,,16/7/2025,,16/7/2025 00:00,
SFT20250716BG2,7/16/2025,B,16/7/2025 14:00:00,7/16/2025 22:00,,,16/7/2025,,16/7/2025 00:00,
SFT20250716CG2,7/16/2025,C,16/07/2025 22:00,17/07/2025 06:00,,,16/7/2025,,16/7/2025 00:00,
SFT20250717AG1,7/17/2025,A,17/07/2025 06:00,17/07/2025 14:00,,,17/7/2025,,17/7/2025 00:00,
SFT20250717BG1,7/17/2025,B,17/7/2025 14:00:00,17/07/2025 22:00,,,17/7/2025,,17/7/2025 00:00,
SFT20250717CG1,7/17/2025,C,17/07/2025 22:00,7/18/2025 6:00,,,17/7/2025,,17/7/2025 00:00,
SFT20250717AG2,7/17/2025,A,17/07/2025 06:00,17/07/2025 14:00,,,17/7/2025,,17/7/2025 00:00,
SFT20250717BG2,7/17/2025,B,17/7/2025 14:00:00,7/17/2025 22:00,,,17/7/2025,,17/7/2025 00:00,
SFT20250717CG2,7/17/2025,C,17/7/2025 22:00:00,18/07/2025 06:00,,,17/7/2025,,17/7/2025 00:00,
SFT20250718AG1,7/18/2025,A,18/07/2025 06:00,7/18/2025 14:00,,,18/7/2025,,18/7/2025 00:00,
SFT20250718BG1,7/18/2025,B,18/07/2025 14:00,7/18/2025 22:00,,,18/7/2025,,18/7/2025 00:00,
SFT20250718CG1,7/18/2025,C,18/07/2025 22:00,19/07/2025 06:00,,,18/7/2025,,18/7/2025 00:00,
SFT20250718AG2,7/18/2025,A,18/7/2025 06:00:00,7/18/2025 14:00,,,18/7/2025,,18/7/2025 00:00,
SFT20250718BG2,7/18/2025,B,18/7/2025 14:00:00,7/18/2025 22:00,,,18/7/2025,,18/7/2025 00:00,
SFT20250718CG2,7/18/2025,C,18/7/2025 22:00:00,7/19/2025 6:00,,,18/7/2025,,18/7/2025 00:00,
SFT20250719AG1,7/19/2025,A,19/07/2025 06:00,19/07/2025 14:00,,,19/7/2025,,19/7/2025 00:00,
SFT20250719BG1,7/19/2025,B,19/7/2025 14:00:00,7/19/2025 22:00,,,19/7/2025,,19/7/2025 00:00,
SFT20250719CG1,7/19/2025,C,19/07/2025 22:00,20/07/2025 06:00,,,19/7/2025,,19/7/2025 00:00,
SFT20250719AG2,7/19/2025,A,19/7/2025 06:00:00,7/19/2025 14:00,,,19/7/2025,,19/7/2025 00:00,
SFT20250719BG2,7/19/2025,B,19/07/2025 14:00,19/07/2025 22:00,,,19/7/2025,,19/7/2025 00:00,
SFT20250719CG2,7/19/2025,C,19/07/2025 22:00,20/07/2025 06:00,,,19/7/2025,,19/7/2025 00:00,
SFT20250720AG1,7/20/2025,A,20/7/2025 06:00:00,20/07/2025 14:00,,,20/7/2025,,20/7/2025 00:00,
SFT20250720BG1,7/20/2025,B,20/07/2025 14:00,7/20/2025 22:00,,,20/7/2025,,20/7/2025 00:00,
SFT20250720CG1,7/20/2025,C,20/7/2025 22:00:00,7/21/2025 6:00,,,20/7/2025,,20/7/2025 00:00,
SFT20250720AG2,7/20/2025,A,20/07/2025 06:00,20/07/2025 14:00,,,20/7/2025,,20/7/2025 00:00,
SFT20250720BG2,7/20/2025,B,20/7/2025 14:00:00,7/20/2025 22:00,,,20/7/2025,,20/7/2025 00:00,
SFT20250720CG2,7/20/2025,C,20/7/2025 22:00:00,21/07/2025 06:00,,,20/7/2025,,20/7/2025 00:00,
SFT20250721AG1,7/21/2025,A,21/07/2025 06:00,21/07/2025 14:00,,,21/7/2025,,21/7/2025 00:00,
SFT20250721BG1,7/21/2025,B,21/7/2025 14:00:00,21/07/2025 22:00,,,21/7/2025,,21/7/2025 00:00,
SFT20250721CG1,7/21/2025,C,21/7/2025 22:00:00,7/22/2025 6:00,,,21/7/2025,,21/7/2025 00:00,
SFT20250721AG2,7/21/2025,A,21/07/2025 06:00,21/07/2025 14:00,,,21/7/2025,,21/7/2025 00:00,
SFT20250721BG2,7/21/2025,B,21/7/2025 14:00:00,21/07/2025 22:00,,,21/7/2025,,21/7/2025 00:00,
SFT20250721CG2,7/21/2025,C,21/7/2025 22:00:00,22/07/2025 06:00,,,21/7/2025,,21/7/2025 00:00,
SFT20250722AG1,7/22/2025,A,22/7/2025 06:00:00,7/22/2025 14:00,,,22/7/2025,,22/7/2025 00:00,
SFT20250722BG1,7/22/2025,B,22/07/2025 14:00,22/07/2025 22:00,,,22/7/2025,,22/7/2025 00:00,
SFT20250722CG1,7/22/2025,C,22/07/2025 22:00,23/07/2025 06:00,,,22/7/2025,,22/7/2025 00:00,
SFT20250722AG2,7/22/2025,A,22/7/2025 06:00:00,7/22/2025 14:00,,,22/7/2025,,22/7/2025 00:00,
SFT20250722BG2,7/22/2025,B,22/7/2025 14:00:00,7/22/2025 22:00,,,22/7/2025,,22/7/2025 00:00,
SFT20250722CG2,7/22/2025,C,22/07/2025 22:00,23/07/2025 06:00,,,22/7/2025,,22/7/2025 00:00,
SFT20250723AG1,7/23/2025,A,23/7/2025 06:00:00,23/07/2025 14:00,,,23/7/2025,,23/7/2025 00:00,
SFT20250723BG1,7/23/2025,B,23/7/2025 14:00:00,23/07/2025 22:00,,,23/7/2025,,23/7/2025 00:00,
SFT20250723CG1,7/23/2025,C,23/07/2025 22:00,7/24/2025 6:00,,,23/7/2025,,23/7/2025 00:00,
SFT20250723AG2,7/23/2025,A,23/7/2025 06:00:00,7/23/2025 14:00,,,23/7/2025,,23/7/2025 00:00,
SFT20250723BG2,7/23/2025,B,23/07/2025 14:00,7/23/2025 22:00,,,23/7/2025,,23/7/2025 00:00,
SFT20250723CG2,7/23/2025,C,23/7/2025 22:00:00,24/07/2025 06:00,,,23/7/2025,,23/7/2025 00:00,
SFT20250724AG1,7/24/2025,A,24/07/2025 06:00,24/07/2025 14:00,,,24/7/2025,,24/7/2025 00:00,
SFT20250724BG1,7/24/2025,B,24/7/2025 14:00:00,7/24/2025 22:00,,,24/7/2025,,24/7/2025 00:00,
SFT20250724CG1,7/24/2025,C,24/07/2025 22:00,25/07/2025 06:00,,,24/7/2025,,24/7/2025 00:00,
SFT20250724AG2,7/24/2025,A,24/7/2025 06:00:00,24/07/2025 14:00,,,24/7/2025,,24/7/2025 00:00,
SFT20250724BG2,7/24/2025,B,24/07/2025 14:00,7/24/2025 22:00,,,24/7/2025,,24/7/2025 00:00,
SFT20250724CG2,7/24/2025,C,24/07/2025 22:00,7/25/2025 6:00,,,24/7/2025,,24/7/2025 00:00,
SFT20250725AG1,7/25/2025,A,25/7/2025 06:00:00,7/25/2025 14:00,,,25/7/2025,,25/7/2025 00:00,
SFT20250725BG1,7/25/2025,B,25/7/2025 14:00:00,7/25/2025 22:00,,,25/7/2025,,25/7/2025 00:00,
SFT20250725CG1,7/25/2025,C,25/07/2025 22:00,7/26/2025 6:00,,,25/7/2025,,25/7/2025 00:00,
SFT20250725AG2,7/25/2025,A,25/07/2025 06:00,25/07/2025 14:00,,,25/7/2025,,25/7/2025 00:00,
SFT20250725BG2,7/25/2025,B,25/7/2025 14:00:00,7/25/2025 22:00,,,25/7/2025,,25/7/2025 00:00,
SFT20250725CG2,7/25/2025,C,25/7/2025 22:00:00,26/07/2025 06:00,,,25/7/2025,,25/7/2025 00:00,
SFT20250726AG1,7/26/2025,A,26/07/2025 06:00,7/26/2025 14:00,,,26/7/2025,,26/7/2025 00:00,
SFT20250726BG1,7/26/2025,B,26/07/2025 14:00,7/26/2025 22:00,,,26/7/2025,,26/7/2025 00:00,
SFT20250726CG1,7/26/2025,C,26/7/2025 22:00:00,7/27/2025 6:00,,,26/7/2025,,26/7/2025 00:00,
SFT20250726AG2,7/26/2025,A,26/7/2025 06:00:00,7/26/2025 14:00,,,26/7/2025,,26/7/2025 00:00,
SFT20250726BG2,7/26/2025,B,26/7/2025 14:00:00,7/26/2025 22:00,,,26/7/2025,,26/7/2025 00:00,
SFT20250726CG2,7/26/2025,C,26/07/2025 22:00,7/27/2025 6:00,,,26/7/2025,,26/7/2025 00:00,
SFT20250727AG1,7/27/2025,A,27/7/2025 06:00:00,7/27/2025 14:00,,,27/7/2025,,27/7/2025 00:00,
SFT20250727BG1,7/27/2025,B,27/7/2025 14:00:00,27/07/2025 22:00,,,27/7/2025,,27/7/2025 00:00,
SFT20250727CG1,7/27/2025,C,27/07/2025 22:00,7/28/2025 6:00,,,27/7/2025,,27/7/2025 00:00,
SFT20250727AG2,7/27/2025,A,27/07/2025 06:00,27/07/2025 14:00,,,27/7/2025,,27/7/2025 00:00,
SFT20250727BG2,7/27/2025,B,27/7/2025 14:00:00,7/27/2025 22:00,,,27/7/2025,,27/7/2025 00:00,
SFT20250727CG2,7/27/2025,C,27/07/2025 22:00,7/28/2025 6:00,,,27/7/2025,,27/7/2025 00:00,
SFT20250728AG1,7/28/2025,A,28/07/2025 06:00,28/07/2025 14:00,,,28/7/2025,,28/7/2025 00:00,
SFT20250728BG1,7/28/2025,B,28/07/2025 14:00,7/28/2025 22:00,,,28/7/2025,,28/7/2025 00:00,
SFT20250728CG1,7/28/2025,C,28/7/2025 22:00:00,7/29/2025 6:00,,,28/7/2025,,28/7/2025 00:00,
SFT20250728AG2,7/28/2025,A,28/07/2025 06:00,28/07/2025 14:00,,,28/7/2025,,28/7/2025 00:00,
SFT20250728BG2,7/28/2025,B,28/07/2025 14:00,7/28/2025 22:00,,,28/7/2025,,28/7/2025 00:00,
SFT20250728CG2,7/28/2025,C,28/7/2025 22:00:00,29/07/2025 06:00,,,28/7/2025,,28/7/2025 00:00,
SFT20250729AG1,7/29/2025,A,29/07/2025 06:00,29/07/2025 14:00,,,29/7/2025,,29/7/2025 00:00,
SFT20250729BG1,7/29/2025,B,29/7/2025 14:00:00,7/29/2025 22:00,,,29/7/2025,,29/7/2025 00:00,
SFT20250729CG1,7/29/2025,C,29/07/2025 22:00,7/30/2025 6:00,,,29/7/2025,,29/7/2025 00:00,
SFT20250729AG2,7/29/2025,A,29/7/2025 06:00:00,7/29/2025 14:00,,,29/7/2025,,29/7/2025 00:00,
SFT20250729BG2,7/29/2025,B,29/07/2025 14:00,29/07/2025 22:00,,,29/7/2025,,29/7/2025 00:00,
SFT20250729CG2,7/29/2025,C,29/7/2025 22:00:00,7/30/2025 6:00,,,29/7/2025,,29/7/2025 00:00,
SFT20250730AG1,7/30/2025,A,30/7/2025 06:00:00,7/30/2025 14:00,,,30/7/2025,,30/7/2025 00:00,
SFT20250730BG1,7/30/2025,B,30/7/2025 14:00:00,30/07/2025 22:00,,,30/7/2025,,30/7/2025 00:00,
SFT20250730CG1,7/30/2025,C,30/7/2025 22:00:00,31/07/2025 06:00,,,30/7/2025,,30/7/2025 00:00,
SFT20250730AG2,7/30/2025,A,30/7/2025 06:00:00,7/30/2025 14:00,,,30/7/2025,,30/7/2025 00:00,
SFT20250730BG2,7/30/2025,B,30/7/2025 14:00:00,7/30/2025 22:00,,,30/7/2025,,30/7/2025 00:00,
SFT20250730CG2,7/30/2025,C,30/7/2025 22:00:00,31/07/2025 06:00,,,30/7/2025,,30/7/2025 00:00,
SFT20250731AG1,7/31/2025,A,31/7/2025 06:00:00,7/31/2025 14:00,,,31/7/2025,,31/7/2025 00:00,
SFT20250731BG1,7/31/2025,B,31/7/2025 14:00:00,31/07/2025 22:00,,,31/7/2025,,31/7/2025 00:00,
SFT20250731CG1,7/31/2025,C,31/07/2025 22:00,8/1/2025 6:00,,,31/7/2025,,31/7/2025 00:00,
SFT20250731AG2,7/31/2025,A,31/7/2025 06:00:00,31/07/2025 14:00,,,31/7/2025,,31/7/2025 00:00,
SFT20250731BG2,7/31/2025,B,31/7/2025 14:00:00,7/31/2025 22:00,,,31/7/2025,,31/7/2025 00:00,
SFT20250731CG2,7/31/2025,C,31/07/2025 22:00,1/8/2025 6:00,,,31/7/2025,,31/7/2025 00:00,
SFT20250801AG1,8/1/2025,A,1/8/2025 06:00:00,8/1/2025 14:00,,,1/8/2025,,1/8/2025 00:00,
SFT20250801BG1,8/1/2025,B,8/1/2025 14:00:00,8/1/2025 22:00,,,1/8/2025,,1/8/2025 00:00,
SFT20250801CG1,8/1/2025,C,8/1/2025 22:00:00,2/8/2025 6:00,,,1/8/2025,,1/8/2025 00:00,
SFT20250801AG2,8/1/2025,A,1/8/2025 06:00:00,1/8/2025 14:00,,,1/8/2025,,1/8/2025 00:00,
SFT20250801BG2,8/1/2025,B,1/8/2025 14:00:00,8/1/2025 22:00,,,1/8/2025,,1/8/2025 00:00,
SFT20250801CG2,8/1/2025,C,8/1/2025 22:00:00,2/8/2025 6:00,,,1/8/2025,,1/8/2025 00:00,
SFT20250802AG1,8/2/2025,A,8/2/2025 06:00:00,2/8/2025 14:00,,,2/8/2025,,2/8/2025 00:00,
SFT20250802BG1,8/2/2025,B,2/8/2025 14:00:00,2/8/2025 22:00,,,2/8/2025,,2/8/2025 00:00,
SFT20250802CG1,8/2/2025,C,2/8/2025 22:00:00,3/8/2025 6:00,,,2/8/2025,,2/8/2025 00:00,
SFT20250802AG2,8/2/2025,A,8/2/2025 06:00:00,2/8/2025 14:00,,,2/8/2025,,2/8/2025 00:00,
SFT20250802BG2,8/2/2025,B,2/8/2025 14:00:00,2/8/2025 22:00,,,2/8/2025,,2/8/2025 00:00,
SFT20250802CG2,8/2/2025,C,2/8/2025 22:00:00,3/8/2025 6:00,,,2/8/2025,,2/8/2025 00:00,
SFT20250803AG1,8/3/2025,A,3/8/2025 06:00:00,8/3/2025 14:00,,,3/8/2025,,3/8/2025 00:00,
SFT20250803BG1,8/3/2025,B,8/3/2025 14:00:00,3/8/2025 22:00,,,3/8/2025,,3/8/2025 00:00,
SFT20250803CG1,8/3/2025,C,3/8/2025 22:00:00,8/4/2025 6:00,,,3/8/2025,,3/8/2025 00:00,
SFT20250803AG2,8/3/2025,A,8/3/2025 06:00:00,3/8/2025 14:00,,,3/8/2025,,3/8/2025 00:00,
SFT20250803BG2,8/3/2025,B,8/3/2025 14:00:00,8/3/2025 22:00,,,3/8/2025,,3/8/2025 00:00,
SFT20250803CG2,8/3/2025,C,3/8/2025 22:00:00,8/4/2025 6:00,,,3/8/2025,,3/8/2025 00:00,
SFT20250804AG1,8/4/2025,A,8/4/2025 06:00:00,4/8/2025 14:00,,,4/8/2025,,4/8/2025 00:00,
SFT20250804BG1,8/4/2025,B,8/4/2025 14:00:00,8/4/2025 22:00,,,4/8/2025,,4/8/2025 00:00,
SFT20250804CG1,8/4/2025,C,4/8/2025 22:00:00,5/8/2025 6:00,,,4/8/2025,,4/8/2025 00:00,
SFT20250804AG2,8/4/2025,A,4/8/2025 06:00:00,4/8/2025 14:00,,,4/8/2025,,4/8/2025 00:00,
SFT20250804BG2,8/4/2025,B,8/4/2025 14:00:00,8/4/2025 22:00,,,4/8/2025,,4/8/2025 00:00,
SFT20250804CG2,8/4/2025,C,4/8/2025 22:00:00,8/5/2025 6:00,,,4/8/2025,,4/8/2025 00:00,
SFT20250805AG1,8/5/2025,A,5/8/2025 06:00:00,8/5/2025 14:00,,,5/8/2025,,5/8/2025 00:00,
SFT20250805BG1,8/5/2025,B,8/5/2025 14:00:00,8/5/2025 22:00,,,5/8/2025,,5/8/2025 00:00,
SFT20250805CG1,8/5/2025,C,5/8/2025 22:00:00,6/8/2025 6:00,,,5/8/2025,,5/8/2025 00:00,
SFT20250805AG2,8/5/2025,A,8/5/2025 06:00:00,5/8/2025 14:00,,,5/8/2025,,5/8/2025 00:00,
SFT20250805BG2,8/5/2025,B,8/5/2025 14:00:00,5/8/2025 22:00,,,5/8/2025,,5/8/2025 00:00,
SFT20250805CG2,8/5/2025,C,8/5/2025 22:00:00,6/8/2025 6:00,,,5/8/2025,,5/8/2025 00:00,
SFT20250806AG1,8/6/2025,A,8/6/2025 06:00:00,8/6/2025 14:00,,,6/8/2025,,6/8/2025 00:00,
SFT20250806BG1,8/6/2025,B,8/6/2025 14:00:00,6/8/2025 22:00,,,6/8/2025,,6/8/2025 00:00,
SFT20250806CG1,8/6/2025,C,6/8/2025 22:00:00,7/8/2025 6:00,,,6/8/2025,,6/8/2025 00:00,
SFT20250806AG2,8/6/2025,A,6/8/2025 06:00:00,6/8/2025 14:00,,,6/8/2025,,6/8/2025 00:00,
SFT20250806BG2,8/6/2025,B,8/6/2025 14:00:00,8/6/2025 22:00,,,6/8/2025,,6/8/2025 00:00,
SFT20250806CG2,8/6/2025,C,6/8/2025 22:00:00,8/7/2025 6:00,,,6/8/2025,,6/8/2025 00:00,
SFT20250807AG1,8/7/2025,A,8/7/2025 06:00:00,8/7/2025 14:00,,,7/8/2025,,7/8/2025 00:00,
SFT20250807BG1,8/7/2025,B,7/8/2025 14:00:00,8/7/2025 22:00,,,7/8/2025,,7/8/2025 00:00,
SFT20250807CG1,8/7/2025,C,8/7/2025 22:00:00,8/8/2025 6:00,,,7/8/2025,,7/8/2025 00:00,
SFT20250807AG2,8/7/2025,A,8/7/2025 06:00:00,7/8/2025 14:00,,,7/8/2025,,7/8/2025 00:00,
SFT20250807BG2,8/7/2025,B,7/8/2025 14:00:00,7/8/2025 22:00,,,7/8/2025,,7/8/2025 00:00,
SFT20250807CG2,8/7/2025,C,8/7/2025 22:00:00,8/8/2025 6:00,,,7/8/2025,,7/8/2025 00:00,
SFT20250808AG1,8/8/2025,A,8/8/2025 06:00:00,8/8/2025 14:00,,,8/8/2025,,8/8/2025 00:00,
SFT20250808BG1,8/8/2025,B,8/8/2025 14:00:00,8/8/2025 22:00,,,8/8/2025,,8/8/2025 00:00,
SFT20250808CG1,8/8/2025,C,8/8/2025 22:00:00,8/9/2025 6:00,,,8/8/2025,,8/8/2025 00:00,
SFT20250808AG2,8/8/2025,A,8/8/2025 06:00:00,8/8/2025 14:00,,,8/8/2025,,8/8/2025 00:00,
SFT20250808BG2,8/8/2025,B,8/8/2025 14:00:00,8/8/2025 22:00,,,8/8/2025,,8/8/2025 00:00,
SFT20250808CG2,8/8/2025,C,8/8/2025 22:00:00,9/8/2025 6:00,,,8/8/2025,,8/8/2025 00:00,
SFT20250809AG1,8/9/2025,A,8/9/2025 06:00:00,8/9/2025 14:00,,,9/8/2025,,9/8/2025 00:00,
SFT20250809BG1,8/9/2025,B,8/9/2025 14:00:00,8/9/2025 22:00,,,9/8/2025,,9/8/2025 00:00,
SFT20250809CG1,8/9/2025,C,8/9/2025 22:00:00,8/10/2025 6:00,,,9/8/2025,,9/8/2025 00:00,
SFT20250809AG2,8/9/2025,A,9/8/2025 06:00:00,9/8/2025 14:00,,,9/8/2025,,9/8/2025 00:00,
SFT20250809BG2,8/9/2025,B,8/9/2025 14:00:00,8/9/2025 22:00,,,9/8/2025,,9/8/2025 00:00,
SFT20250809CG2,8/9/2025,C,8/9/2025 22:00:00,10/8/2025 6:00,,,9/8/2025,,9/8/2025 00:00,
SFT20250810AG1,8/10/2025,A,10/8/2025 06:00:00,8/10/2025 14:00,,,10/8/2025,,10/8/2025 00:00,
SFT20250810BG1,8/10/2025,B,10/8/2025 14:00:00,10/8/2025 22:00,,,10/8/2025,,10/8/2025 00:00,
SFT20250810CG1,8/10/2025,C,10/8/2025 22:00:00,11/8/2025 6:00,,,10/8/2025,,10/8/2025 00:00,
SFT20250810AG2,8/10/2025,A,8/10/2025 06:00:00,8/10/2025 14:00,,,10/8/2025,,10/8/2025 00:00,
SFT20250810BG2,8/10/2025,B,10/8/2025 14:00:00,8/10/2025 22:00,,,10/8/2025,,10/8/2025 00:00,
SFT20250810CG2,8/10/2025,C,8/10/2025 22:00:00,8/11/2025 6:00,,,10/8/2025,,10/8/2025 00:00,
SFT20250811AG1,8/11/2025,A,11/8/2025 06:00:00,11/8/2025 14:00,,,11/8/2025,,11/8/2025 00:00,
SFT20250811BG1,8/11/2025,B,8/11/2025 14:00:00,8/11/2025 22:00,,,11/8/2025,,11/8/2025 00:00,
SFT20250811CG1,8/11/2025,C,8/11/2025 22:00:00,12/8/2025 6:00,,,11/8/2025,,11/8/2025 00:00,
SFT20250811AG2,8/11/2025,A,8/11/2025 06:00:00,8/11/2025 14:00,,,11/8/2025,,11/8/2025 00:00,
SFT20250811BG2,8/11/2025,B,8/11/2025 14:00:00,8/11/2025 22:00,,,11/8/2025,,11/8/2025 00:00,
SFT20250811CG2,8/11/2025,C,11/8/2025 22:00:00,8/12/2025 6:00,,,11/8/2025,,11/8/2025 00:00,
SFT20250812AG1,8/12/2025,A,8/12/2025 06:00:00,12/8/2025 14:00,,,12/8/2025,,12/8/2025 00:00,
SFT20250812BG1,8/12/2025,B,8/12/2025 14:00:00,12/8/2025 22:00,,,12/8/2025,,12/8/2025 00:00,
SFT20250812CG1,8/12/2025,C,12/8/2025 22:00:00,13/08/2025 06:00,,,12/8/2025,,12/8/2025 00:00,
SFT20250812AG2,8/12/2025,A,12/8/2025 06:00:00,12/8/2025 14:00,,,12/8/2025,,12/8/2025 00:00,
SFT20250812BG2,8/12/2025,B,12/8/2025 14:00:00,8/12/2025 22:00,,,12/8/2025,,12/8/2025 00:00,
SFT20250812CG2,8/12/2025,C,8/12/2025 22:00:00,8/13/2025 6:00,,,12/8/2025,,12/8/2025 00:00,
SFT20250813AG1,8/13/2025,A,13/8/2025 06:00:00,13/08/2025 14:00,,,13/8/2025,,13/8/2025 00:00,
SFT20250813BG1,8/13/2025,B,13/8/2025 14:00:00,13/08/2025 22:00,,,13/8/2025,,13/8/2025 00:00,
SFT20250813CG1,8/13/2025,C,13/8/2025 22:00:00,8/14/2025 6:00,,,13/8/2025,,13/8/2025 00:00,
SFT20250813AG2,8/13/2025,A,13/8/2025 06:00:00,8/13/2025 14:00,,,13/8/2025,,13/8/2025 00:00,
SFT20250813BG2,8/13/2025,B,13/8/2025 14:00:00,8/13/2025 22:00,,,13/8/2025,,13/8/2025 00:00,
SFT20250813CG2,8/13/2025,C,13/08/2025 22:00,8/14/2025 6:00,,,13/8/2025,,13/8/2025 00:00,
SFT20250814AG1,8/14/2025,A,14/08/2025 06:00,14/08/2025 14:00,,,14/8/2025,,14/8/2025 00:00,
SFT20250814BG1,8/14/2025,B,14/08/2025 14:00,8/14/2025 22:00,,,14/8/2025,,14/8/2025 00:00,
SFT20250814CG1,8/14/2025,C,14/8/2025 22:00:00,8/15/2025 6:00,,,14/8/2025,,14/8/2025 00:00,
SFT20250814AG2,8/14/2025,A,14/08/2025 06:00,14/08/2025 14:00,,,14/8/2025,,14/8/2025 00:00,
SFT20250814BG2,8/14/2025,B,14/08/2025 14:00,14/08/2025 22:00,,,14/8/2025,,14/8/2025 00:00,
SFT20250814CG2,8/14/2025,C,14/8/2025 22:00:00,8/15/2025 6:00,,,14/8/2025,,14/8/2025 00:00,
SFT20250815AG1,8/15/2025,A,15/8/2025 06:00:00,15/08/2025 14:00,,,15/8/2025,,15/8/2025 00:00,
SFT20250815BG1,8/15/2025,B,15/8/2025 14:00:00,8/15/2025 22:00,,,15/8/2025,,15/8/2025 00:00,
SFT20250815CG1,8/15/2025,C,15/8/2025 22:00:00,16/08/2025 06:00,,,15/8/2025,,15/8/2025 00:00,
SFT20250815AG2,8/15/2025,A,15/8/2025 06:00:00,15/08/2025 14:00,,,15/8/2025,,15/8/2025 00:00,
SFT20250815BG2,8/15/2025,B,15/08/2025 14:00,15/08/2025 22:00,,,15/8/2025,,15/8/2025 00:00,
SFT20250815CG2,8/15/2025,C,15/8/2025 22:00:00,8/16/2025 6:00,,,15/8/2025,,15/8/2025 00:00,
SFT20250816AG1,8/16/2025,A,16/8/2025 06:00:00,8/16/2025 14:00,,,16/8/2025,,16/8/2025 00:00,
SFT20250816BG1,8/16/2025,B,16/08/2025 14:00,16/08/2025 22:00,,,16/8/2025,,16/8/2025 00:00,
SFT20250816CG1,8/16/2025,C,16/08/2025 22:00,8/17/2025 6:00,,,16/8/2025,,16/8/2025 00:00,
SFT20250816AG2,8/16/2025,A,16/8/2025 06:00:00,16/08/2025 14:00,,,16/8/2025,,16/8/2025 00:00,
SFT20250816BG2,8/16/2025,B,16/8/2025 14:00:00,8/16/2025 22:00,,,16/8/2025,,16/8/2025 00:00,
SFT20250816CG2,8/16/2025,C,16/08/2025 22:00,8/17/2025 6:00,,,16/8/2025,,16/8/2025 00:00,
SFT20250817AG1,8/17/2025,A,17/8/2025 06:00:00,8/17/2025 14:00,,,17/8/2025,,17/8/2025 00:00,
SFT20250817BG1,8/17/2025,B,17/08/2025 14:00,17/08/2025 22:00,,,17/8/2025,,17/8/2025 00:00,
SFT20250817CG1,8/17/2025,C,17/8/2025 22:00:00,8/18/2025 6:00,,,17/8/2025,,17/8/2025 00:00,
SFT20250817AG2,8/17/2025,A,17/08/2025 06:00,8/17/2025 14:00,,,17/8/2025,,17/8/2025 00:00,
SFT20250817BG2,8/17/2025,B,17/8/2025 14:00:00,8/17/2025 22:00,,,17/8/2025,,17/8/2025 00:00,
SFT20250817CG2,8/17/2025,C,17/8/2025 22:00:00,18/08/2025 06:00,,,17/8/2025,,17/8/2025 00:00,
SFT20250818AG1,8/18/2025,A,18/8/2025 06:00:00,8/18/2025 14:00,,,18/8/2025,,18/8/2025 00:00,
SFT20250818BG1,8/18/2025,B,18/08/2025 14:00,18/08/2025 22:00,,,18/8/2025,,18/8/2025 00:00,
SFT20250818CG1,8/18/2025,C,18/8/2025 22:00:00,8/19/2025 6:00,,,18/8/2025,,18/8/2025 00:00,
SFT20250818AG2,8/18/2025,A,18/08/2025 06:00,8/18/2025 14:00,,,18/8/2025,,18/8/2025 00:00,
SFT20250818BG2,8/18/2025,B,18/08/2025 14:00,8/18/2025 22:00,,,18/8/2025,,18/8/2025 00:00,
SFT20250818CG2,8/18/2025,C,18/8/2025 22:00:00,19/08/2025 06:00,,,18/8/2025,,18/8/2025 00:00,
SFT20250819AG1,8/19/2025,A,19/8/2025 06:00:00,19/08/2025 14:00,,,19/8/2025,,19/8/2025 00:00,
SFT20250819BG1,8/19/2025,B,19/8/2025 14:00:00,19/08/2025 22:00,,,19/8/2025,,19/8/2025 00:00,
SFT20250819CG1,8/19/2025,C,19/08/2025 22:00,8/20/2025 6:00,,,19/8/2025,,19/8/2025 00:00,
SFT20250819AG2,8/19/2025,A,19/8/2025 06:00:00,19/08/2025 14:00,,,19/8/2025,,19/8/2025 00:00,
SFT20250819BG2,8/19/2025,B,19/8/2025 14:00:00,8/19/2025 22:00,,,19/8/2025,,19/8/2025 00:00,
SFT20250819CG2,8/19/2025,C,19/08/2025 22:00,20/08/2025 06:00,,,19/8/2025,,19/8/2025 00:00,
SFT20250820AG1,8/20/2025,A,20/8/2025 06:00:00,8/20/2025 14:00,,,20/8/2025,,20/8/2025 00:00,
SFT20250820BG1,8/20/2025,B,20/8/2025 14:00:00,8/20/2025 22:00,,,20/8/2025,,20/8/2025 00:00,
SFT20250820CG1,8/20/2025,C,20/8/2025 22:00:00,8/21/2025 6:00,,,20/8/2025,,20/8/2025 00:00,
SFT20250820AG2,8/20/2025,A,20/08/2025 06:00,8/20/2025 14:00,,,20/8/2025,,20/8/2025 00:00,
SFT20250820BG2,8/20/2025,B,20/8/2025 14:00:00,8/20/2025 22:00,,,20/8/2025,,20/8/2025 00:00,
SFT20250820CG2,8/20/2025,C,20/8/2025 22:00:00,8/21/2025 6:00,,,20/8/2025,,20/8/2025 00:00,
SFT20250821AG1,8/21/2025,A,21/08/2025 06:00,21/08/2025 14:00,,,21/8/2025,,21/8/2025 00:00,
SFT20250821BG1,8/21/2025,B,21/08/2025 14:00,21/08/2025 22:00,,,21/8/2025,,21/8/2025 00:00,
SFT20250821CG1,8/21/2025,C,21/8/2025 22:00:00,22/08/2025 06:00,,,21/8/2025,,21/8/2025 00:00,
SFT20250821AG2,8/21/2025,A,21/8/2025 06:00:00,21/08/2025 14:00,,,21/8/2025,,21/8/2025 00:00,
SFT20250821BG2,8/21/2025,B,21/8/2025 14:00:00,21/08/2025 22:00,,,21/8/2025,,21/8/2025 00:00,
SFT20250821CG2,8/21/2025,C,21/8/2025 22:00:00,22/08/2025 06:00,,,21/8/2025,,21/8/2025 00:00,
SFT20250822AG1,8/22/2025,A,22/08/2025 06:00,22/08/2025 14:00,,,22/8/2025,,22/8/2025 00:00,
SFT20250822BG1,8/22/2025,B,22/8/2025 14:00:00,8/22/2025 22:00,,,22/8/2025,,22/8/2025 00:00,
SFT20250822CG1,8/22/2025,C,22/08/2025 22:00,8/23/2025 6:00,,,22/8/2025,,22/8/2025 00:00,
SFT20250822AG2,8/22/2025,A,22/08/2025 06:00,8/22/2025 14:00,,,22/8/2025,,22/8/2025 00:00,
SFT20250822BG2,8/22/2025,B,22/8/2025 14:00:00,22/08/2025 22:00,,,22/8/2025,,22/8/2025 00:00,
SFT20250822CG2,8/22/2025,C,22/8/2025 22:00:00,8/23/2025 6:00,,,22/8/2025,,22/8/2025 00:00,
SFT20250823AG1,8/23/2025,A,23/8/2025 06:00:00,23/08/2025 14:00,,,23/8/2025,,23/8/2025 00:00,
SFT20250823BG1,8/23/2025,B,23/8/2025 14:00:00,8/23/2025 22:00,,,23/8/2025,,23/8/2025 00:00,
SFT20250823CG1,8/23/2025,C,23/8/2025 22:00:00,8/24/2025 6:00,,,23/8/2025,,23/8/2025 00:00,
SFT20250823AG2,8/23/2025,A,23/8/2025 06:00:00,8/23/2025 14:00,,,23/8/2025,,23/8/2025 00:00,
SFT20250823BG2,8/23/2025,B,23/08/2025 14:00,8/23/2025 22:00,,,23/8/2025,,23/8/2025 00:00,
SFT20250823CG2,8/23/2025,C,23/08/2025 22:00,8/24/2025 6:00,,,23/8/2025,,23/8/2025 00:00,
SFT20250824AG1,8/24/2025,A,24/08/2025 06:00,24/08/2025 14:00,,,24/8/2025,,24/8/2025 00:00,
SFT20250824BG1,8/24/2025,B,24/8/2025 14:00:00,8/24/2025 22:00,,,24/8/2025,,24/8/2025 00:00,
SFT20250824CG1,8/24/2025,C,24/8/2025 22:00:00,25/08/2025 06:00,,,24/8/2025,,24/8/2025 00:00,
SFT20250824AG2,8/24/2025,A,24/08/2025 06:00,8/24/2025 14:00,,,24/8/2025,,24/8/2025 00:00,
SFT20250824BG2,8/24/2025,B,24/8/2025 14:00:00,8/24/2025 22:00,,,24/8/2025,,24/8/2025 00:00,
SFT20250824CG2,8/24/2025,C,24/08/2025 22:00,8/25/2025 6:00,,,24/8/2025,,24/8/2025 00:00,
SFT20250825AG1,8/25/2025,A,25/08/2025 06:00,25/08/2025 14:00,,,25/8/2025,,25/8/2025 00:00,
SFT20250825BG1,8/25/2025,B,25/8/2025 14:00:00,25/08/2025 22:00,,,25/8/2025,,25/8/2025 00:00,
SFT20250825CG1,8/25/2025,C,25/08/2025 22:00,26/08/2025 06:00,,,25/8/2025,,25/8/2025 00:00,
SFT20250825AG2,8/25/2025,A,25/08/2025 06:00,8/25/2025 14:00,,,25/8/2025,,25/8/2025 00:00,
SFT20250825BG2,8/25/2025,B,25/8/2025 14:00:00,8/25/2025 22:00,,,25/8/2025,,25/8/2025 00:00,
SFT20250825CG2,8/25/2025,C,25/08/2025 22:00,8/26/2025 6:00,,,25/8/2025,,25/8/2025 00:00,
SFT20250826AG1,8/26/2025,A,26/08/2025 06:00,26/08/2025 14:00,,,26/8/2025,,26/8/2025 00:00,
SFT20250826BG1,8/26/2025,B,26/8/2025 14:00:00,8/26/2025 22:00,,,26/8/2025,,26/8/2025 00:00,
SFT20250826CG1,8/26/2025,C,26/8/2025 22:00:00,8/27/2025 6:00,,,26/8/2025,,26/8/2025 00:00,
SFT20250826AG2,8/26/2025,A,26/08/2025 06:00,8/26/2025 14:00,,,26/8/2025,,26/8/2025 00:00,
SFT20250826BG2,8/26/2025,B,26/8/2025 14:00:00,26/08/2025 22:00,,,26/8/2025,,26/8/2025 00:00,
SFT20250826CG2,8/26/2025,C,26/08/2025 22:00,27/08/2025 06:00,,,26/8/2025,,26/8/2025 00:00,
SFT20250827AG1,8/27/2025,A,27/8/2025 06:00:00,8/27/2025 14:00,,,27/8/2025,,27/8/2025 00:00,
SFT20250827BG1,8/27/2025,B,27/08/2025 14:00,8/27/2025 22:00,,,27/8/2025,,27/8/2025 00:00,
SFT20250827CG1,8/27/2025,C,27/8/2025 22:00:00,8/28/2025 6:00,,,27/8/2025,,27/8/2025 00:00,
SFT20250827AG2,8/27/2025,A,27/08/2025 06:00,8/27/2025 14:00,,,27/8/2025,,27/8/2025 00:00,
SFT20250827BG2,8/27/2025,B,27/08/2025 14:00,27/08/2025 22:00,,,27/8/2025,,27/8/2025 00:00,
SFT20250827CG2,8/27/2025,C,27/8/2025 22:00:00,8/28/2025 6:00,,,27/8/2025,,27/8/2025 00:00,
SFT20250828AG1,8/28/2025,A,28/8/2025 06:00:00,28/08/2025 14:00,,,28/8/2025,,28/8/2025 00:00,
SFT20250828BG1,8/28/2025,B,28/08/2025 14:00,28/08/2025 22:00,,,28/8/2025,,28/8/2025 00:00,
SFT20250828CG1,8/28/2025,C,28/8/2025 22:00:00,8/29/2025 6:00,,,28/8/2025,,28/8/2025 00:00,
SFT20250828AG2,8/28/2025,A,28/8/2025 06:00:00,8/28/2025 14:00,,,28/8/2025,,28/8/2025 00:00,
SFT20250828BG2,8/28/2025,B,28/08/2025 14:00,28/08/2025 22:00,,,28/8/2025,,28/8/2025 00:00,
SFT20250828CG2,8/28/2025,C,28/8/2025 22:00:00,8/29/2025 6:00,,,28/8/2025,,28/8/2025 00:00,
SFT20250829AG1,8/29/2025,A,29/8/2025 06:00:00,8/29/2025 14:00,,,29/8/2025,,29/8/2025 00:00,
SFT20250829BG1,8/29/2025,B,29/8/2025 14:00:00,29/08/2025 22:00,,,29/8/2025,,29/8/2025 00:00,
SFT20250829CG1,8/29/2025,C,29/08/2025 22:00,8/30/2025 6:00,,,29/8/2025,,29/8/2025 00:00,
SFT20250829AG2,8/29/2025,A,29/8/2025 06:00:00,8/29/2025 14:00,,,29/8/2025,,29/8/2025 00:00,
SFT20250829BG2,8/29/2025,B,29/08/2025 14:00,8/29/2025 22:00,,,29/8/2025,,29/8/2025 00:00,
SFT20250829CG2,8/29/2025,C,29/08/2025 22:00,8/30/2025 6:00,,,29/8/2025,,29/8/2025 00:00,
SFT20250830AG1,8/30/2025,A,30/8/2025 06:00:00,8/30/2025 14:00,,,30/8/2025,,30/8/2025 00:00,
SFT20250830BG1,8/30/2025,B,30/8/2025 14:00:00,8/30/2025 22:00,,,30/8/2025,,30/8/2025 00:00,
SFT20250830CG1,8/30/2025,C,30/8/2025 22:00:00,31/08/2025 06:00,,,30/8/2025,,30/8/2025 00:00,
SFT20250830AG2,8/30/2025,A,30/8/2025 06:00:00,8/30/2025 14:00,,,30/8/2025,,30/8/2025 00:00,
SFT20250830BG2,8/30/2025,B,30/8/2025 14:00:00,8/30/2025 22:00,,,30/8/2025,,30/8/2025 00:00,
SFT20250830CG2,8/30/2025,C,30/08/2025 22:00,31/08/2025 06:00,,,30/8/2025,,30/8/2025 00:00,
SFT20250831AG1,8/31/2025,A,31/8/2025 06:00:00,31/08/2025 14:00,,,31/8/2025,,31/8/2025 00:00,
SFT20250831BG1,8/31/2025,B,31/8/2025 14:00:00,31/08/2025 22:00,,,31/8/2025,,31/8/2025 00:00,
SFT20250831CG1,8/31/2025,C,31/08/2025 22:00,1/9/2025 6:00,,,31/8/2025,,31/8/2025 00:00,
SFT20250831AG2,8/31/2025,A,31/8/2025 06:00:00,31/08/2025 14:00,,,31/8/2025,,31/8/2025 00:00,
SFT20250831BG2,8/31/2025,B,31/08/2025 14:00,8/31/2025 22:00,,,31/8/2025,,31/8/2025 00:00,
SFT20250831CG2,8/31/2025,C,31/8/2025 22:00:00,1/9/2025 6:00,,,31/8/2025,,31/8/2025 00:00,
SFT20250901AG1,9/1/2025,A,1/9/2025 06:00:00,9/1/2025 14:00,,,1/9/2025,,1/9/2025 00:00,
SFT20250901BG1,9/1/2025,B,9/1/2025 14:00:00,1/9/2025 22:00,,,1/9/2025,,1/9/2025 00:00,
SFT20250901CG1,9/1/2025,C,9/1/2025 22:00:00,2/9/2025 6:00,,,1/9/2025,,1/9/2025 00:00,
SFT20250901AG2,9/1/2025,A,1/9/2025 06:00:00,1/9/2025 14:00,,,1/9/2025,,1/9/2025 00:00,
SFT20250901BG2,9/1/2025,B,9/1/2025 14:00:00,9/1/2025 22:00,,,1/9/2025,,1/9/2025 00:00,
SFT20250901CG2,9/1/2025,C,1/9/2025 22:00:00,9/2/2025 6:00,,,1/9/2025,,1/9/2025 00:00,
SFT20250902AG1,9/2/2025,A,9/2/2025 06:00:00,9/2/2025 14:00,,,2/9/2025,,2/9/2025 00:00,
SFT20250902BG1,9/2/2025,B,2/9/2025 14:00:00,9/2/2025 22:00,,,2/9/2025,,2/9/2025 00:00,
SFT20250902CG1,9/2/2025,C,2/9/2025 22:00:00,3/9/2025 6:00,,,2/9/2025,,2/9/2025 00:00,
SFT20250902AG2,9/2/2025,A,2/9/2025 06:00:00,9/2/2025 14:00,,,2/9/2025,,2/9/2025 00:00,
SFT20250902BG2,9/2/2025,B,9/2/2025 14:00:00,2/9/2025 22:00,,,2/9/2025,,2/9/2025 00:00,
SFT20250902CG2,9/2/2025,C,2/9/2025 22:00:00,3/9/2025 6:00,,,2/9/2025,,2/9/2025 00:00,
SFT20250903AG1,9/3/2025,A,9/3/2025 06:00:00,3/9/2025 14:00,,,3/9/2025,,3/9/2025 00:00,
SFT20250903BG1,9/3/2025,B,9/3/2025 14:00:00,9/3/2025 22:00,,,3/9/2025,,3/9/2025 00:00,
SFT20250903CG1,9/3/2025,C,3/9/2025 22:00:00,9/4/2025 6:00,,,3/9/2025,,3/9/2025 00:00,
SFT20250903AG2,9/3/2025,A,9/3/2025 06:00:00,9/3/2025 14:00,,,3/9/2025,,3/9/2025 00:00,
SFT20250903BG2,9/3/2025,B,9/3/2025 14:00:00,9/3/2025 22:00,,,3/9/2025,,3/9/2025 00:00,
SFT20250903CG2,9/3/2025,C,3/9/2025 22:00:00,9/4/2025 6:00,,,3/9/2025,,3/9/2025 00:00,
SFT20250904AG1,9/4/2025,A,4/9/2025 06:00:00,4/9/2025 14:00,,,4/9/2025,,4/9/2025 00:00,
SFT20250904BG1,9/4/2025,B,4/9/2025 14:00:00,9/4/2025 22:00,,,4/9/2025,,4/9/2025 00:00,
SFT20250904CG1,9/4/2025,C,4/9/2025 22:00:00,9/5/2025 6:00,,,4/9/2025,,4/9/2025 00:00,
SFT20250904AG2,9/4/2025,A,4/9/2025 06:00:00,4/9/2025 14:00,,,4/9/2025,,4/9/2025 00:00,
SFT20250904BG2,9/4/2025,B,4/9/2025 14:00:00,9/4/2025 22:00,,,4/9/2025,,4/9/2025 00:00,
SFT20250904CG2,9/4/2025,C,9/4/2025 22:00:00,5/9/2025 6:00,,,4/9/2025,,4/9/2025 00:00,
SFT20250905AG1,9/5/2025,A,5/9/2025 06:00:00,5/9/2025 14:00,,,5/9/2025,,5/9/2025 00:00,
SFT20250905BG1,9/5/2025,B,9/5/2025 14:00:00,5/9/2025 22:00,,,5/9/2025,,5/9/2025 00:00,
SFT20250905CG1,9/5/2025,C,5/9/2025 22:00:00,6/9/2025 6:00,,,5/9/2025,,5/9/2025 00:00,
SFT20250905AG2,9/5/2025,A,5/9/2025 06:00:00,5/9/2025 14:00,,,5/9/2025,,5/9/2025 00:00,
SFT20250905BG2,9/5/2025,B,5/9/2025 14:00:00,9/5/2025 22:00,,,5/9/2025,,5/9/2025 00:00,
SFT20250905CG2,9/5/2025,C,9/5/2025 22:00:00,6/9/2025 6:00,,,5/9/2025,,5/9/2025 00:00,
SFT20250906AG1,9/6/2025,A,6/9/2025 06:00:00,6/9/2025 14:00,,,6/9/2025,,6/9/2025 00:00,
SFT20250906BG1,9/6/2025,B,6/9/2025 14:00:00,9/6/2025 22:00,,,6/9/2025,,6/9/2025 00:00,
SFT20250906CG1,9/6/2025,C,9/6/2025 22:00:00,7/9/2025 6:00,,,6/9/2025,,6/9/2025 00:00,
SFT20250906AG2,9/6/2025,A,9/6/2025 06:00:00,6/9/2025 14:00,,,6/9/2025,,6/9/2025 00:00,
SFT20250906BG2,9/6/2025,B,6/9/2025 14:00:00,6/9/2025 22:00,,,6/9/2025,,6/9/2025 00:00,
SFT20250906CG2,9/6/2025,C,9/6/2025 22:00:00,9/7/2025 6:00,,,6/9/2025,,6/9/2025 00:00,
SFT20250907AG1,9/7/2025,A,9/7/2025 06:00:00,9/7/2025 14:00,,,7/9/2025,,7/9/2025 00:00,
SFT20250907BG1,9/7/2025,B,9/7/2025 14:00:00,9/7/2025 22:00,,,7/9/2025,,7/9/2025 00:00,
SFT20250907CG1,9/7/2025,C,9/7/2025 22:00:00,9/8/2025 6:00,,,7/9/2025,,7/9/2025 00:00,
SFT20250907AG2,9/7/2025,A,9/7/2025 06:00:00,9/7/2025 14:00,,,7/9/2025,,7/9/2025 00:00,
SFT20250907BG2,9/7/2025,B,7/9/2025 14:00:00,9/7/2025 22:00,,,7/9/2025,,7/9/2025 00:00,
SFT20250907CG2,9/7/2025,C,9/7/2025 22:00:00,8/9/2025 6:00,,,7/9/2025,,7/9/2025 00:00,
SFT20250908AG1,9/8/2025,A,8/9/2025 06:00:00,9/8/2025 14:00,,,8/9/2025,,8/9/2025 00:00,
SFT20250908BG1,9/8/2025,B,8/9/2025 14:00:00,9/8/2025 22:00,,,8/9/2025,,8/9/2025 00:00,
SFT20250908CG1,9/8/2025,C,8/9/2025 22:00:00,9/9/2025 6:00,,,8/9/2025,,8/9/2025 00:00,
SFT20250908AG2,9/8/2025,A,8/9/2025 06:00:00,8/9/2025 14:00,,,8/9/2025,,8/9/2025 00:00,
SFT20250908BG2,9/8/2025,B,8/9/2025 14:00:00,9/8/2025 22:00,,,8/9/2025,,8/9/2025 00:00,
SFT20250908CG2,9/8/2025,C,8/9/2025 22:00:00,9/9/2025 6:00,,,8/9/2025,,8/9/2025 00:00,
SFT20250909AG1,9/9/2025,A,9/9/2025 06:00:00,9/9/2025 14:00,,,9/9/2025,,9/9/2025 00:00,
SFT20250909BG1,9/9/2025,B,9/9/2025 14:00:00,9/9/2025 22:00,,,9/9/2025,,9/9/2025 00:00,
SFT20250909CG1,9/9/2025,C,9/9/2025 22:00:00,9/10/2025 6:00,,,9/9/2025,,9/9/2025 00:00,
SFT20250909AG2,9/9/2025,A,9/9/2025 06:00:00,9/9/2025 14:00,,,9/9/2025,,9/9/2025 00:00,
SFT20250909BG2,9/9/2025,B,9/9/2025 14:00:00,9/9/2025 22:00,,,9/9/2025,,9/9/2025 00:00,
SFT20250909CG2,9/9/2025,C,9/9/2025 22:00:00,10/9/2025 6:00,,,9/9/2025,,9/9/2025 00:00,
SFT20250910AG1,9/10/2025,A,10/9/2025 06:00:00,9/10/2025 14:00,,,10/9/2025,,10/9/2025 00:00,
SFT20250910BG1,9/10/2025,B,9/10/2025 14:00:00,10/9/2025 22:00,,,10/9/2025,,10/9/2025 00:00,
SFT20250910CG1,9/10/2025,C,9/10/2025 22:00:00,9/11/2025 6:00,,,10/9/2025,,10/9/2025 00:00,
SFT20250910AG2,9/10/2025,A,9/10/2025 06:00:00,9/10/2025 14:00,,,10/9/2025,,10/9/2025 00:00,
SFT20250910BG2,9/10/2025,B,9/10/2025 14:00:00,9/10/2025 22:00,,,10/9/2025,,10/9/2025 00:00,
SFT20250910CG2,9/10/2025,C,9/10/2025 22:00:00,11/9/2025 6:00,,,10/9/2025,,10/9/2025 00:00,
SFT20250911AG1,9/11/2025,A,9/11/2025 06:00:00,11/9/2025 14:00,,,11/9/2025,,11/9/2025 00:00,
SFT20250911BG1,9/11/2025,B,9/11/2025 14:00:00,11/9/2025 22:00,,,11/9/2025,,11/9/2025 00:00,
SFT20250911CG1,9/11/2025,C,9/11/2025 22:00:00,9/12/2025 6:00,,,11/9/2025,,11/9/2025 00:00,
SFT20250911AG2,9/11/2025,A,9/11/2025 06:00:00,9/11/2025 14:00,,,11/9/2025,,11/9/2025 00:00,
SFT20250911BG2,9/11/2025,B,9/11/2025 14:00:00,9/11/2025 22:00,,,11/9/2025,,11/9/2025 00:00,
SFT20250911CG2,9/11/2025,C,11/9/2025 22:00:00,12/9/2025 6:00,,,11/9/2025,,11/9/2025 00:00,
SFT20250912AG1,9/12/2025,A,12/9/2025 06:00:00,9/12/2025 14:00,,,12/9/2025,,12/9/2025 00:00,
SFT20250912BG1,9/12/2025,B,12/9/2025 14:00:00,12/9/2025 22:00,,,12/9/2025,,12/9/2025 00:00,
SFT20250912CG1,9/12/2025,C,12/9/2025 22:00:00,9/13/2025 6:00,,,12/9/2025,,12/9/2025 00:00,
SFT20250912AG2,9/12/2025,A,12/9/2025 06:00:00,9/12/2025 14:00,,,12/9/2025,,12/9/2025 00:00,
SFT20250912BG2,9/12/2025,B,12/9/2025 14:00:00,9/12/2025 22:00,,,12/9/2025,,12/9/2025 00:00,
SFT20250912CG2,9/12/2025,C,12/9/2025 22:00:00,9/13/2025 6:00,,,12/9/2025,,12/9/2025 00:00,
SFT20250913AG1,9/13/2025,A,13/09/2025 06:00,13/09/2025 14:00,,,13/9/2025,,13/9/2025 00:00,
SFT20250913BG1,9/13/2025,B,13/9/2025 14:00:00,13/09/2025 22:00,,,13/9/2025,,13/9/2025 00:00,
SFT20250913CG1,9/13/2025,C,13/09/2025 22:00,14/09/2025 06:00,,,13/9/2025,,13/9/2025 00:00,
SFT20250913AG2,9/13/2025,A,13/09/2025 06:00,13/09/2025 14:00,,,13/9/2025,,13/9/2025 00:00,
SFT20250913BG2,9/13/2025,B,13/09/2025 14:00,9/13/2025 22:00,,,13/9/2025,,13/9/2025 00:00,
SFT20250913CG2,9/13/2025,C,13/9/2025 22:00:00,9/14/2025 6:00,,,13/9/2025,,13/9/2025 00:00,
SFT20250914AG1,9/14/2025,A,14/9/2025 06:00:00,14/09/2025 14:00,,,14/9/2025,,14/9/2025 00:00,
SFT20250914BG1,9/14/2025,B,14/09/2025 14:00,14/09/2025 22:00,,,14/9/2025,,14/9/2025 00:00,
SFT20250914CG1,9/14/2025,C,14/09/2025 22:00,15/09/2025 06:00,,,14/9/2025,,14/9/2025 00:00,
SFT20250914AG2,9/14/2025,A,14/9/2025 06:00:00,9/14/2025 14:00,,,14/9/2025,,14/9/2025 00:00,
SFT20250914BG2,9/14/2025,B,14/9/2025 14:00:00,14/09/2025 22:00,,,14/9/2025,,14/9/2025 00:00,
SFT20250914CG2,9/14/2025,C,14/9/2025 22:00:00,15/09/2025 06:00,,,14/9/2025,,14/9/2025 00:00,
SFT20250915AG1,9/15/2025,A,15/09/2025 06:00,9/15/2025 14:00,,,15/9/2025,,15/9/2025 00:00,
SFT20250915BG1,9/15/2025,B,15/09/2025 14:00,9/15/2025 22:00,,,15/9/2025,,15/9/2025 00:00,
SFT20250915CG1,9/15/2025,C,15/9/2025 22:00:00,9/16/2025 6:00,,,15/9/2025,,15/9/2025 00:00,
SFT20250915AG2,9/15/2025,A,15/09/2025 06:00,9/15/2025 14:00,,,15/9/2025,,15/9/2025 00:00,
SFT20250915BG2,9/15/2025,B,15/9/2025 14:00:00,9/15/2025 22:00,,,15/9/2025,,15/9/2025 00:00,
SFT20250915CG2,9/15/2025,C,15/9/2025 22:00:00,16/09/2025 06:00,,,15/9/2025,,15/9/2025 00:00,
SFT20250916AG1,9/16/2025,A,16/9/2025 06:00:00,16/09/2025 14:00,,,16/9/2025,,16/9/2025 00:00,
SFT20250916BG1,9/16/2025,B,16/09/2025 14:00,9/16/2025 22:00,,,16/9/2025,,16/9/2025 00:00,
SFT20250916CG1,9/16/2025,C,16/9/2025 22:00:00,9/17/2025 6:00,,,16/9/2025,,16/9/2025 00:00,
SFT20250916AG2,9/16/2025,A,16/09/2025 06:00,16/09/2025 14:00,,,16/9/2025,,16/9/2025 00:00,
SFT20250916BG2,9/16/2025,B,16/09/2025 14:00,9/16/2025 22:00,,,16/9/2025,,16/9/2025 00:00,
SFT20250916CG2,9/16/2025,C,16/09/2025 22:00,17/09/2025 06:00,,,16/9/2025,,16/9/2025 00:00,
SFT20250917AG1,9/17/2025,A,17/9/2025 06:00:00,9/17/2025 14:00,,,17/9/2025,,17/9/2025 00:00,
SFT20250917BG1,9/17/2025,B,17/9/2025 14:00:00,9/17/2025 22:00,,,17/9/2025,,17/9/2025 00:00,
SFT20250917CG1,9/17/2025,C,17/9/2025 22:00:00,18/09/2025 06:00,,,17/9/2025,,17/9/2025 00:00,
SFT20250917AG2,9/17/2025,A,17/9/2025 06:00:00,9/17/2025 14:00,,,17/9/2025,,17/9/2025 00:00,
SFT20250917BG2,9/17/2025,B,17/09/2025 14:00,17/09/2025 22:00,,,17/9/2025,,17/9/2025 00:00,
SFT20250917CG2,9/17/2025,C,17/9/2025 22:00:00,18/09/2025 06:00,,,17/9/2025,,17/9/2025 00:00,
SFT20250918AG1,9/18/2025,A,18/09/2025 06:00,18/09/2025 14:00,,,18/9/2025,,18/9/2025 00:00,
SFT20250918BG1,9/18/2025,B,18/09/2025 14:00,9/18/2025 22:00,,,18/9/2025,,18/9/2025 00:00,
SFT20250918CG1,9/18/2025,C,18/09/2025 22:00,19/09/2025 06:00,,,18/9/2025,,18/9/2025 00:00,
SFT20250918AG2,9/18/2025,A,18/9/2025 06:00:00,18/09/2025 14:00,,,18/9/2025,,18/9/2025 00:00,
SFT20250918BG2,9/18/2025,B,18/09/2025 14:00,18/09/2025 22:00,,,18/9/2025,,18/9/2025 00:00,
SFT20250918CG2,9/18/2025,C,18/09/2025 22:00,19/09/2025 06:00,,,18/9/2025,,18/9/2025 00:00,
SFT20250919AG1,9/19/2025,A,19/09/2025 06:00,9/19/2025 14:00,,,19/9/2025,,19/9/2025 00:00,
SFT20250919BG1,9/19/2025,B,19/9/2025 14:00:00,9/19/2025 22:00,,,19/9/2025,,19/9/2025 00:00,
SFT20250919CG1,9/19/2025,C,19/9/2025 22:00:00,9/20/2025 6:00,,,19/9/2025,,19/9/2025 00:00,
SFT20250919AG2,9/19/2025,A,19/9/2025 06:00:00,9/19/2025 14:00,,,19/9/2025,,19/9/2025 00:00,
SFT20250919BG2,9/19/2025,B,19/09/2025 14:00,9/19/2025 22:00,,,19/9/2025,,19/9/2025 00:00,
SFT20250919CG2,9/19/2025,C,19/09/2025 22:00,20/09/2025 06:00,,,19/9/2025,,19/9/2025 00:00,
SFT20250920AG1,9/20/2025,A,20/09/2025 06:00,9/20/2025 14:00,,,20/9/2025,,20/9/2025 00:00,
SFT20250920BG1,9/20/2025,B,20/9/2025 14:00:00,9/20/2025 22:00,,,20/9/2025,,20/9/2025 00:00,
SFT20250920CG1,9/20/2025,C,20/09/2025 22:00,9/21/2025 6:00,,,20/9/2025,,20/9/2025 00:00,
SFT20250920AG2,9/20/2025,A,20/9/2025 06:00:00,9/20/2025 14:00,,,20/9/2025,,20/9/2025 00:00,
SFT20250920BG2,9/20/2025,B,20/09/2025 14:00,20/09/2025 22:00,,,20/9/2025,,20/9/2025 00:00,
SFT20250920CG2,9/20/2025,C,20/09/2025 22:00,21/09/2025 06:00,,,20/9/2025,,20/9/2025 00:00,
SFT20250921AG1,9/21/2025,A,21/9/2025 06:00:00,21/09/2025 14:00,,,21/9/2025,,21/9/2025 00:00,
SFT20250921BG1,9/21/2025,B,21/09/2025 14:00,9/21/2025 22:00,,,21/9/2025,,21/9/2025 00:00,
SFT20250921CG1,9/21/2025,C,21/9/2025 22:00:00,22/09/2025 06:00,,,21/9/2025,,21/9/2025 00:00,
SFT20250921AG2,9/21/2025,A,21/9/2025 06:00:00,9/21/2025 14:00,,,21/9/2025,,21/9/2025 00:00,
SFT20250921BG2,9/21/2025,B,21/9/2025 14:00:00,9/21/2025 22:00,,,21/9/2025,,21/9/2025 00:00,
SFT20250921CG2,9/21/2025,C,21/09/2025 22:00,22/09/2025 06:00,,,21/9/2025,,21/9/2025 00:00,
SFT20250922AG1,9/22/2025,A,22/09/2025 06:00,22/09/2025 14:00,,,22/9/2025,,22/9/2025 00:00,
SFT20250922BG1,9/22/2025,B,22/09/2025 14:00,22/09/2025 22:00,,,22/9/2025,,22/9/2025 00:00,
SFT20250922CG1,9/22/2025,C,22/9/2025 22:00:00,9/23/2025 6:00,,,22/9/2025,,22/9/2025 00:00,
SFT20250922AG2,9/22/2025,A,22/9/2025 06:00:00,22/09/2025 14:00,,,22/9/2025,,22/9/2025 00:00,
SFT20250922BG2,9/22/2025,B,22/09/2025 14:00,9/22/2025 22:00,,,22/9/2025,,22/9/2025 00:00,
SFT20250922CG2,9/22/2025,C,22/9/2025 22:00:00,23/09/2025 06:00,,,22/9/2025,,22/9/2025 00:00,
SFT20250923AG1,9/23/2025,A,23/9/2025 06:00:00,9/23/2025 14:00,,,23/9/2025,,23/9/2025 00:00,
SFT20250923BG1,9/23/2025,B,23/09/2025 14:00,23/09/2025 22:00,,,23/9/2025,,23/9/2025 00:00,
SFT20250923CG1,9/23/2025,C,23/9/2025 22:00:00,24/09/2025 06:00,,,23/9/2025,,23/9/2025 00:00,
SFT20250923AG2,9/23/2025,A,23/09/2025 06:00,23/09/2025 14:00,,,23/9/2025,,23/9/2025 00:00,
SFT20250923BG2,9/23/2025,B,23/9/2025 14:00:00,9/23/2025 22:00,,,23/9/2025,,23/9/2025 00:00,
SFT20250923CG2,9/23/2025,C,23/9/2025 22:00:00,24/09/2025 06:00,,,23/9/2025,,23/9/2025 00:00,
SFT20250924AG1,9/24/2025,A,24/09/2025 06:00,24/09/2025 14:00,,,24/9/2025,,24/9/2025 00:00,
SFT20250924BG1,9/24/2025,B,24/9/2025 14:00:00,24/09/2025 22:00,,,24/9/2025,,24/9/2025 00:00,
SFT20250924CG1,9/24/2025,C,24/09/2025 22:00,9/25/2025 6:00,,,24/9/2025,,24/9/2025 00:00,
SFT20250924AG2,9/24/2025,A,24/09/2025 06:00,9/24/2025 14:00,,,24/9/2025,,24/9/2025 00:00,
SFT20250924BG2,9/24/2025,B,24/09/2025 14:00,24/09/2025 22:00,,,24/9/2025,,24/9/2025 00:00,
SFT20250924CG2,9/24/2025,C,24/09/2025 22:00,25/09/2025 06:00,,,24/9/2025,,24/9/2025 00:00,
SFT20250925AG1,9/25/2025,A,25/9/2025 06:00:00,9/25/2025 14:00,,,25/9/2025,,25/9/2025 00:00,
SFT20250925BG1,9/25/2025,B,25/09/2025 14:00,25/09/2025 22:00,,,25/9/2025,,25/9/2025 00:00,
SFT20250925CG1,9/25/2025,C,25/09/2025 22:00,26/09/2025 06:00,,,25/9/2025,,25/9/2025 00:00,
SFT20250925AG2,9/25/2025,A,25/9/2025 06:00:00,9/25/2025 14:00,,,25/9/2025,,25/9/2025 00:00,
SFT20250925BG2,9/25/2025,B,25/09/2025 14:00,9/25/2025 22:00,,,25/9/2025,,25/9/2025 00:00,
SFT20250925CG2,9/25/2025,C,25/09/2025 22:00,26/09/2025 06:00,,,25/9/2025,,25/9/2025 00:00,
SFT20250926AG1,9/26/2025,A,26/9/2025 06:00:00,9/26/2025 14:00,,,26/9/2025,,26/9/2025 00:00,
SFT20250926BG1,9/26/2025,B,26/09/2025 14:00,26/09/2025 22:00,,,26/9/2025,,26/9/2025 00:00,
SFT20250926CG1,9/26/2025,C,26/9/2025 22:00:00,27/09/2025 06:00,,,26/9/2025,,26/9/2025 00:00,
SFT20250926AG2,9/26/2025,A,26/9/2025 06:00:00,9/26/2025 14:00,,,26/9/2025,,26/9/2025 00:00,
SFT20250926BG2,9/26/2025,B,26/9/2025 14:00:00,26/09/2025 22:00,,,26/9/2025,,26/9/2025 00:00,
SFT20250926CG2,9/26/2025,C,26/9/2025 22:00:00,9/27/2025 6:00,,,26/9/2025,,26/9/2025 00:00,
SFT20250927AG1,9/27/2025,A,27/09/2025 06:00,9/27/2025 14:00,,,27/9/2025,,27/9/2025 00:00,
SFT20250927BG1,9/27/2025,B,27/09/2025 14:00,9/27/2025 22:00,,,27/9/2025,,27/9/2025 00:00,
SFT20250927CG1,9/27/2025,C,27/09/2025 22:00,28/09/2025 06:00,,,27/9/2025,,27/9/2025 00:00,
SFT20250927AG2,9/27/2025,A,27/09/2025 06:00,9/27/2025 14:00,,,27/9/2025,,27/9/2025 00:00,
SFT20250927BG2,9/27/2025,B,27/9/2025 14:00:00,9/27/2025 22:00,,,27/9/2025,,27/9/2025 00:00,
SFT20250927CG2,9/27/2025,C,27/9/2025 22:00:00,9/28/2025 6:00,,,27/9/2025,,27/9/2025 00:00,
SFT20250928AG1,9/28/2025,A,28/09/2025 06:00,28/09/2025 14:00,,,28/9/2025,,28/9/2025 00:00,
SFT20250928BG1,9/28/2025,B,28/9/2025 14:00:00,9/28/2025 22:00,,,28/9/2025,,28/9/2025 00:00,
SFT20250928CG1,9/28/2025,C,28/9/2025 22:00:00,9/29/2025 6:00,,,28/9/2025,,28/9/2025 00:00,
SFT20250928AG2,9/28/2025,A,28/09/2025 06:00,9/28/2025 14:00,,,28/9/2025,,28/9/2025 00:00,
SFT20250928BG2,9/28/2025,B,28/9/2025 14:00:00,28/09/2025 22:00,,,28/9/2025,,28/9/2025 00:00,
SFT20250928CG2,9/28/2025,C,28/09/2025 22:00,29/09/2025 06:00,,,28/9/2025,,28/9/2025 00:00,
